stationID,stationName,observedValue,dtg,spatialGranule,temporalGranule
01KG0329,MELLAWA ESTATE,22.7,20130107,01KG0329,20130107
01BD0545,WEWESSA ESTATE,21.9,20130107,01BD0545,20130107
01RT196A,KALAWANA MINI HYDRO,22.0,20130107,01RT196A,20130107
01PU313A,MARAWILA,26.5,20130107,01PU313A,20130107
01KG175A,IBBAGAMUWA,19.3,20130107,01KG175A,20130107
01KG0326,MEDIYAWA TANK,25.7,20130107,01KG0326,20130107
01PL0340,MINNERIYA TANK,28.3,20130107,01PL0340,20130107
01PL224A,KAUDULLA WEWA,19.6,20130107,01PL224A,20130107
01MU357A,MUTU IYANKADDU,24.4,20130107,01MU357A,20130107
01AM0459,SAGAMAM TANK,24.3,20130107,01AM0459,20130107
01JF0425,POINT PEDRO,23.2,20130107,01JF0425,20130107
01KE0544,WEWELTALAWA ESTATE,28.7,20130107,01KE0544,20130107
01CB0268,LABUGAMA TANK,22.3,20130107,01CB0268,20130107
01PL538C,WELIKANDA SINGHAPURA,27.4,20130107,01PL538C,20130107
01AN104A,EHETUGASWEWA,27.1,20130107,01AN104A,20130107
01KT0200,KALUTARA-P.W.D.,25.1,20130107,01KT0200,20130107
01AM0012,AMPARAI TANK,22.5,20130107,01AM0012,20130107
01KG0532,WARIYAPOLA EXPTL.STATION,29.2,20130107,01KG0532,20130107
01MG540A,WELLAWAYA,22.8,20130107,01MG540A,20130107
01GL0030,BADDEGAMA ESTATE,20.9,20130107,01GL0030,20130107
01KG407A,PANNALA VIRIDIYAWA EST,26.3,20130107,01KG407A,20130107
01MU0216,KANNUKKENI TANK,21.8,20130107,01MU0216,20130107
01KG469A,SIYAMBALANGAMUWA,22.5,20130107,01KG469A,20130107
01KI0183,IRANAMADU TANK,24.0,20130107,01KI0183,20130107
01AM001E,ADDALACHENAI,21.0,20130107,01AM001E,20130107
01GM0011,AMBEPUSSA GOVT FARM,24.0,20130107,01GM0011,20130107
01GL0267,LABUDUWA,29.9,20130107,01GL0267,20130107
01RT042C,BELIHULOYA,21.5,20130107,01RT042C,20130107
01AN193A,KAHATAGASDIGILIYA  W/S,28.3,20130107,01AN193A,20130107
01CB0025,AVISSAWELLA ESTATE,21.9,20130107,01CB0025,20130107
01CB0150,HANWELLA GROUP,21.9,20130107,01CB0150,20130107
01GM0373,NEGOMBO,26.1,20130107,01GM0373,20130107
01RT0435,PUSSELLA S.P.,20.1,20130107,01RT0435,20130107
01BT197B,KALKUDAH,27.3,20130107,01BT197B,20130107
01NE506B,UDARADELLA,28.1,20130107,01NE506B,20130107
01AM368B,NAVATKIRI ARU TANK,26.0,20130107,01AM368B,20130107
01RT0032,BALANGODA POST OFFICE,22.2,20130107,01RT0032,20130107
01AM493B,THIRUKKOVIL,26.9,20130107,01AM493B,20130107
01BT0357,MYLAMBAVELLY ESTATE,29.3,20130107,01BT0357,20130107
01KE009B,AMBANPITIYA ESTATE,26.0,20130107,01KE009B,20130107
01HT481A,SURIYAWEWA,26.4,20130107,01HT481A,20130107
01MT0232,KEKENADURA (MATARA),23.6,20130107,01MT0232,20130107
01KT400C,PALLEGODA ESTATE,19.8,20130107,01KT400C,20130107
01KG014A,ANDIGAMA FARM,23.1,20130107,01KG014A,20130107
01CB166A,HOMAGAMA,20.2,20130107,01CB166A,20130107
01GM487B,THAMMITA,19.6,20130107,01GM487B,20130107
01NE0236,KENILWORTH (STRATHELLIE),26.3,20130107,01NE0236,20130107
01KG258D,KULIYAPITIYA,24.4,20130107,01KG258D,20130107
01CB469B,COLOMBO PORT,23.1,20130107,01CB469B,20130107
01KG404A,PANDUWASNUWARA,26.6,20130107,01KG404A,20130107
01CB0080,DEHIWALA ZOO,29.3,20130107,01CB0080,20130107
01KY0418,PERADENIYA BOT.GARDENS,20.7,20130107,01KY0418,20130107
01KG0452,RIDIBENDI ELA,24.2,20130107,01KG0452,20130107
01CB0026,AVISSAWELLA HOSPITAL,20.0,20130107,01CB0026,20130107
01GM0528,WALPITA,26.6,20130107,01GM0528,20130107
01CB0016,ANGODA MENTAL HOSPITAL,22.5,20130107,01CB0016,20130107
01JF062A,CHAVAKACHCHERI,28.6,20130107,01JF062A,20130107
01KT0035,BANDARAGAMA,29.1,20130107,01KT0035,20130107
01KG0256,KOULWEWA,21.1,20130107,01KG0256,20130107
01PL020A,ARALAGANWILA,21.3,20130107,01PL020A,20130107
01KT513A,USK VALLEY S.P.,20.5,20130107,01KT513A,20130107
01MG141B,HANDAPANGALA,20.6,20130107,01MG141B,20130107
01KG0253,HAKWATUNA-OYA,22.0,20130107,01KG0253,20130107
01HT0292,MAHA LEWAYA (HAMBANTOTA),20.0,20130107,01HT0292,20130107
43PPP,POLONNARUWA,21.0,20130107,43PPP,20130107
01PU0013,ANAMADUWA DISPENSARY,23.3,20130107,01PU0013,20130107
01VA414A,PAVATKULAM,24.1,20130107,01VA414A,20130107
01KE0021,ARANAYAKE GOVT. HOSPITAL,28.0,20130107,01KE0021,20130107
01ML324A,MEDAPIHILLA,24.8,20130107,01ML324A,20130107
01NE0153,HATTON KOTAGALA ROSITA,25.1,20130107,01NE0153,20130107
01KG092B,DODANGASLANDA,24.7,20130107,01KG092B,20130107
01VA0518,VAVUNIYA P.W.D.,20.6,20130107,01VA0518,20130107
01PL0427,POLONNARUWA AGRI.STATION,24.8,20130107,01PL0427,20130107
01AM459A,SAMANTHURAI,19.9,20130107,01AM459A,20130107
01RT539B,WELLANDURA TEA FACTORY,28.6,20130107,01RT539B,20130107
01KT021A,ARAMANAGOLLA,28.2,20130107,01KT021A,20130107
01AM257A,KUDASIGIRIYA,25.9,20130107,01AM257A,20130107
43418,TRINCOMALEE,21.6,20130107,43418,20130107
43421,ANURADHAPURA,22.9,20130107,43421,20130107
43413,MANNAR,23.2,20130107,43413,20130107
43467,RATMALANA,21.1,20130107,43467,20130107
43424,PUTTALAM,25.1,20130107,43424,20130107
43999,POTTUVIL,21.2,20130107,43999,20130107
43404,JAFFNA,24.7,20130107,43404,20130107
43441,KURUNEGALA,19.9,20130107,43441,20130107
43436,BATTICALOA,20.4,20130107,43436,20130107
43444,KATUGASTOTA,27.3,20130107,43444,20130107
143476,BANDARAWELA,23.1,20130107,143476,20130107
