stationID,stationName,observedValue,dtg,spatialGranule,temporalGranule
01KG0329,MELLAWA ESTATE,26.1,20130123,01KG0329,20130123
01BD0545,WEWESSA ESTATE,25.5,20130123,01BD0545,20130123
01RT196A,KALAWANA MINI HYDRO,29.4,20130123,01RT196A,20130123
01PU313A,MARAWILA,23.1,20130123,01PU313A,20130123
01KG175A,IBBAGAMUWA,21.2,20130123,01KG175A,20130123
01KG0326,MEDIYAWA TANK,24.6,20130123,01KG0326,20130123
01PL0340,MINNERIYA TANK,22.1,20130123,01PL0340,20130123
01PL224A,KAUDULLA WEWA,27.6,20130123,01PL224A,20130123
01MU357A,MUTU IYANKADDU,26.0,20130123,01MU357A,20130123
01AM0459,SAGAMAM TANK,27.9,20130123,01AM0459,20130123
01JF0425,POINT PEDRO,22.5,20130123,01JF0425,20130123
01KE0544,WEWELTALAWA ESTATE,21.2,20130123,01KE0544,20130123
01CB0268,LABUGAMA TANK,29.7,20130123,01CB0268,20130123
01PL538C,WELIKANDA SINGHAPURA,20.8,20130123,01PL538C,20130123
01AN104A,EHETUGASWEWA,29.9,20130123,01AN104A,20130123
01KT0200,KALUTARA-P.W.D.,26.5,20130123,01KT0200,20130123
01AM0012,AMPARAI TANK,20.8,20130123,01AM0012,20130123
01KG0532,WARIYAPOLA EXPTL.STATION,25.9,20130123,01KG0532,20130123
01MG540A,WELLAWAYA,19.1,20130123,01MG540A,20130123
01GL0030,BADDEGAMA ESTATE,28.0,20130123,01GL0030,20130123
01KG407A,PANNALA VIRIDIYAWA EST,20.8,20130123,01KG407A,20130123
01MU0216,KANNUKKENI TANK,28.4,20130123,01MU0216,20130123
01KG469A,SIYAMBALANGAMUWA,23.6,20130123,01KG469A,20130123
01KI0183,IRANAMADU TANK,24.4,20130123,01KI0183,20130123
01AM001E,ADDALACHENAI,26.1,20130123,01AM001E,20130123
01GM0011,AMBEPUSSA GOVT FARM,21.5,20130123,01GM0011,20130123
01GL0267,LABUDUWA,22.7,20130123,01GL0267,20130123
01RT042C,BELIHULOYA,19.2,20130123,01RT042C,20130123
01AN193A,KAHATAGASDIGILIYA  W/S,21.8,20130123,01AN193A,20130123
01CB0025,AVISSAWELLA ESTATE,21.2,20130123,01CB0025,20130123
01CB0150,HANWELLA GROUP,20.7,20130123,01CB0150,20130123
01GM0373,NEGOMBO,20.3,20130123,01GM0373,20130123
01RT0435,PUSSELLA S.P.,22.7,20130123,01RT0435,20130123
01BT197B,KALKUDAH,20.3,20130123,01BT197B,20130123
01NE506B,UDARADELLA,27.2,20130123,01NE506B,20130123
01AM368B,NAVATKIRI ARU TANK,23.8,20130123,01AM368B,20130123
01RT0032,BALANGODA POST OFFICE,28.2,20130123,01RT0032,20130123
01AM493B,THIRUKKOVIL,22.8,20130123,01AM493B,20130123
01BT0357,MYLAMBAVELLY ESTATE,20.3,20130123,01BT0357,20130123
01KE009B,AMBANPITIYA ESTATE,21.4,20130123,01KE009B,20130123
01HT481A,SURIYAWEWA,25.8,20130123,01HT481A,20130123
01MT0232,KEKENADURA (MATARA),29.4,20130123,01MT0232,20130123
01KT400C,PALLEGODA ESTATE,21.5,20130123,01KT400C,20130123
01KG014A,ANDIGAMA FARM,20.5,20130123,01KG014A,20130123
01CB166A,HOMAGAMA,25.6,20130123,01CB166A,20130123
01GM487B,THAMMITA,24.4,20130123,01GM487B,20130123
01NE0236,KENILWORTH (STRATHELLIE),28.4,20130123,01NE0236,20130123
01KG258D,KULIYAPITIYA,29.3,20130123,01KG258D,20130123
01CB469B,COLOMBO PORT,22.4,20130123,01CB469B,20130123
01KG404A,PANDUWASNUWARA,25.8,20130123,01KG404A,20130123
01CB0080,DEHIWALA ZOO,29.7,20130123,01CB0080,20130123
01KY0418,PERADENIYA BOT.GARDENS,19.1,20130123,01KY0418,20130123
01KG0452,RIDIBENDI ELA,26.0,20130123,01KG0452,20130123
01CB0026,AVISSAWELLA HOSPITAL,23.4,20130123,01CB0026,20130123
01GM0528,WALPITA,23.9,20130123,01GM0528,20130123
01CB0016,ANGODA MENTAL HOSPITAL,25.9,20130123,01CB0016,20130123
01JF062A,CHAVAKACHCHERI,20.4,20130123,01JF062A,20130123
01KT0035,BANDARAGAMA,29.8,20130123,01KT0035,20130123
01KG0256,KOULWEWA,24.6,20130123,01KG0256,20130123
01PL020A,ARALAGANWILA,28.9,20130123,01PL020A,20130123
01KT513A,USK VALLEY S.P.,27.5,20130123,01KT513A,20130123
01MG141B,HANDAPANGALA,20.9,20130123,01MG141B,20130123
01KG0253,HAKWATUNA-OYA,27.5,20130123,01KG0253,20130123
01HT0292,MAHA LEWAYA (HAMBANTOTA),25.4,20130123,01HT0292,20130123
43PPP,POLONNARUWA,25.1,20130123,43PPP,20130123
01PU0013,ANAMADUWA DISPENSARY,25.0,20130123,01PU0013,20130123
01VA414A,PAVATKULAM,22.0,20130123,01VA414A,20130123
01KE0021,ARANAYAKE GOVT. HOSPITAL,20.9,20130123,01KE0021,20130123
01ML324A,MEDAPIHILLA,28.4,20130123,01ML324A,20130123
01NE0153,HATTON KOTAGALA ROSITA,23.9,20130123,01NE0153,20130123
01KG092B,DODANGASLANDA,21.2,20130123,01KG092B,20130123
01VA0518,VAVUNIYA P.W.D.,28.8,20130123,01VA0518,20130123
01PL0427,POLONNARUWA AGRI.STATION,23.7,20130123,01PL0427,20130123
01AM459A,SAMANTHURAI,29.3,20130123,01AM459A,20130123
01RT539B,WELLANDURA TEA FACTORY,21.2,20130123,01RT539B,20130123
01KT021A,ARAMANAGOLLA,24.1,20130123,01KT021A,20130123
01AM257A,KUDASIGIRIYA,23.5,20130123,01AM257A,20130123
43418,TRINCOMALEE,22.6,20130123,43418,20130123
43421,ANURADHAPURA,29.7,20130123,43421,20130123
43413,MANNAR,24.9,20130123,43413,20130123
43467,RATMALANA,28.7,20130123,43467,20130123
43424,PUTTALAM,28.4,20130123,43424,20130123
43999,POTTUVIL,27.5,20130123,43999,20130123
43404,JAFFNA,26.4,20130123,43404,20130123
43441,KURUNEGALA,20.6,20130123,43441,20130123
43436,BATTICALOA,22.6,20130123,43436,20130123
43444,KATUGASTOTA,25.5,20130123,43444,20130123
143476,BANDARAWELA,26.1,20130123,143476,20130123
