stationID,stationName,observedValue,dtg,spatialGranule,temporalGranule
01KG0329,MELLAWA ESTATE,19.9,20130105,01KG0329,20130105
01BD0545,WEWESSA ESTATE,21.4,20130105,01BD0545,20130105
01RT196A,KALAWANA MINI HYDRO,26.3,20130105,01RT196A,20130105
01PU313A,MARAWILA,25.6,20130105,01PU313A,20130105
01KG175A,IBBAGAMUWA,28.6,20130105,01KG175A,20130105
01KG0326,MEDIYAWA TANK,23.4,20130105,01KG0326,20130105
01PL0340,MINNERIYA TANK,26.3,20130105,01PL0340,20130105
01PL224A,KAUDULLA WEWA,29.8,20130105,01PL224A,20130105
01MU357A,MUTU IYANKADDU,22.6,20130105,01MU357A,20130105
01AM0459,SAGAMAM TANK,29.7,20130105,01AM0459,20130105
01JF0425,POINT PEDRO,20.5,20130105,01JF0425,20130105
01KE0544,WEWELTALAWA ESTATE,21.3,20130105,01KE0544,20130105
01CB0268,LABUGAMA TANK,23.3,20130105,01CB0268,20130105
01PL538C,WELIKANDA SINGHAPURA,20.9,20130105,01PL538C,20130105
01AN104A,EHETUGASWEWA,28.1,20130105,01AN104A,20130105
01KT0200,KALUTARA-P.W.D.,26.5,20130105,01KT0200,20130105
01AM0012,AMPARAI TANK,23.5,20130105,01AM0012,20130105
01KG0532,WARIYAPOLA EXPTL.STATION,20.8,20130105,01KG0532,20130105
01MG540A,WELLAWAYA,24.4,20130105,01MG540A,20130105
01GL0030,BADDEGAMA ESTATE,25.0,20130105,01GL0030,20130105
01KG407A,PANNALA VIRIDIYAWA EST,23.9,20130105,01KG407A,20130105
01MU0216,KANNUKKENI TANK,20.0,20130105,01MU0216,20130105
01KG469A,SIYAMBALANGAMUWA,19.1,20130105,01KG469A,20130105
01KI0183,IRANAMADU TANK,25.0,20130105,01KI0183,20130105
01AM001E,ADDALACHENAI,20.3,20130105,01AM001E,20130105
01GM0011,AMBEPUSSA GOVT FARM,28.6,20130105,01GM0011,20130105
01GL0267,LABUDUWA,29.9,20130105,01GL0267,20130105
01RT042C,BELIHULOYA,21.1,20130105,01RT042C,20130105
01AN193A,KAHATAGASDIGILIYA  W/S,29.3,20130105,01AN193A,20130105
01CB0025,AVISSAWELLA ESTATE,26.3,20130105,01CB0025,20130105
01CB0150,HANWELLA GROUP,28.2,20130105,01CB0150,20130105
01GM0373,NEGOMBO,20.8,20130105,01GM0373,20130105
01RT0435,PUSSELLA S.P.,22.7,20130105,01RT0435,20130105
01BT197B,KALKUDAH,20.7,20130105,01BT197B,20130105
01NE506B,UDARADELLA,20.3,20130105,01NE506B,20130105
01AM368B,NAVATKIRI ARU TANK,29.9,20130105,01AM368B,20130105
01RT0032,BALANGODA POST OFFICE,23.0,20130105,01RT0032,20130105
01AM493B,THIRUKKOVIL,29.5,20130105,01AM493B,20130105
01BT0357,MYLAMBAVELLY ESTATE,21.5,20130105,01BT0357,20130105
01KE009B,AMBANPITIYA ESTATE,24.3,20130105,01KE009B,20130105
01HT481A,SURIYAWEWA,25.1,20130105,01HT481A,20130105
01MT0232,KEKENADURA (MATARA),19.8,20130105,01MT0232,20130105
01KT400C,PALLEGODA ESTATE,29.2,20130105,01KT400C,20130105
01KG014A,ANDIGAMA FARM,24.4,20130105,01KG014A,20130105
01CB166A,HOMAGAMA,20.8,20130105,01CB166A,20130105
01GM487B,THAMMITA,23.5,20130105,01GM487B,20130105
01NE0236,KENILWORTH (STRATHELLIE),26.5,20130105,01NE0236,20130105
01KG258D,KULIYAPITIYA,24.0,20130105,01KG258D,20130105
01CB469B,COLOMBO PORT,25.6,20130105,01CB469B,20130105
01KG404A,PANDUWASNUWARA,29.5,20130105,01KG404A,20130105
01CB0080,DEHIWALA ZOO,26.7,20130105,01CB0080,20130105
01KY0418,PERADENIYA BOT.GARDENS,21.8,20130105,01KY0418,20130105
01KG0452,RIDIBENDI ELA,20.7,20130105,01KG0452,20130105
01CB0026,AVISSAWELLA HOSPITAL,26.3,20130105,01CB0026,20130105
01GM0528,WALPITA,28.8,20130105,01GM0528,20130105
01CB0016,ANGODA MENTAL HOSPITAL,21.0,20130105,01CB0016,20130105
01JF062A,CHAVAKACHCHERI,28.5,20130105,01JF062A,20130105
01KT0035,BANDARAGAMA,25.6,20130105,01KT0035,20130105
01KG0256,KOULWEWA,23.5,20130105,01KG0256,20130105
01PL020A,ARALAGANWILA,22.9,20130105,01PL020A,20130105
01KT513A,USK VALLEY S.P.,29.9,20130105,01KT513A,20130105
01MG141B,HANDAPANGALA,20.5,20130105,01MG141B,20130105
01KG0253,HAKWATUNA-OYA,27.9,20130105,01KG0253,20130105
01HT0292,MAHA LEWAYA (HAMBANTOTA),28.3,20130105,01HT0292,20130105
43PPP,POLONNARUWA,19.7,20130105,43PPP,20130105
01PU0013,ANAMADUWA DISPENSARY,26.8,20130105,01PU0013,20130105
01VA414A,PAVATKULAM,29.2,20130105,01VA414A,20130105
01KE0021,ARANAYAKE GOVT. HOSPITAL,25.5,20130105,01KE0021,20130105
01ML324A,MEDAPIHILLA,27.2,20130105,01ML324A,20130105
01NE0153,HATTON KOTAGALA ROSITA,24.7,20130105,01NE0153,20130105
01KG092B,DODANGASLANDA,22.6,20130105,01KG092B,20130105
01VA0518,VAVUNIYA P.W.D.,19.6,20130105,01VA0518,20130105
01PL0427,POLONNARUWA AGRI.STATION,22.4,20130105,01PL0427,20130105
01AM459A,SAMANTHURAI,23.5,20130105,01AM459A,20130105
01RT539B,WELLANDURA TEA FACTORY,23.0,20130105,01RT539B,20130105
01KT021A,ARAMANAGOLLA,25.6,20130105,01KT021A,20130105
01AM257A,KUDASIGIRIYA,20.4,20130105,01AM257A,20130105
43418,TRINCOMALEE,20.4,20130105,43418,20130105
43421,ANURADHAPURA,28.0,20130105,43421,20130105
43413,MANNAR,21.0,20130105,43413,20130105
43467,RATMALANA,23.0,20130105,43467,20130105
43424,PUTTALAM,23.9,20130105,43424,20130105
43999,POTTUVIL,29.4,20130105,43999,20130105
43404,JAFFNA,21.0,20130105,43404,20130105
43441,KURUNEGALA,23.4,20130105,43441,20130105
43436,BATTICALOA,28.7,20130105,43436,20130105
43444,KATUGASTOTA,25.2,20130105,43444,20130105
143476,BANDARAWELA,26.4,20130105,143476,20130105
