stationID,stationName,observedValue,dtg,spatialGranule,temporalGranule
01KG0329,MELLAWA ESTATE,28.9,20130120,01KG0329,20130120
01BD0545,WEWESSA ESTATE,24.7,20130120,01BD0545,20130120
01RT196A,KALAWANA MINI HYDRO,28.9,20130120,01RT196A,20130120
01PU313A,MARAWILA,23.1,20130120,01PU313A,20130120
01KG175A,IBBAGAMUWA,23.5,20130120,01KG175A,20130120
01KG0326,MEDIYAWA TANK,19.6,20130120,01KG0326,20130120
01PL0340,MINNERIYA TANK,24.7,20130120,01PL0340,20130120
01PL224A,KAUDULLA WEWA,26.6,20130120,01PL224A,20130120
01MU357A,MUTU IYANKADDU,21.4,20130120,01MU357A,20130120
01AM0459,SAGAMAM TANK,22.7,20130120,01AM0459,20130120
01JF0425,POINT PEDRO,29.1,20130120,01JF0425,20130120
01KE0544,WEWELTALAWA ESTATE,28.0,20130120,01KE0544,20130120
01CB0268,LABUGAMA TANK,23.6,20130120,01CB0268,20130120
01PL538C,WELIKANDA SINGHAPURA,26.1,20130120,01PL538C,20130120
01AN104A,EHETUGASWEWA,26.6,20130120,01AN104A,20130120
01KT0200,KALUTARA-P.W.D.,27.5,20130120,01KT0200,20130120
01AM0012,AMPARAI TANK,22.7,20130120,01AM0012,20130120
01KG0532,WARIYAPOLA EXPTL.STATION,25.3,20130120,01KG0532,20130120
01MG540A,WELLAWAYA,26.7,20130120,01MG540A,20130120
01GL0030,BADDEGAMA ESTATE,21.3,20130120,01GL0030,20130120
01KG407A,PANNALA VIRIDIYAWA EST,19.3,20130120,01KG407A,20130120
01MU0216,KANNUKKENI TANK,21.6,20130120,01MU0216,20130120
01KG469A,SIYAMBALANGAMUWA,28.6,20130120,01KG469A,20130120
01KI0183,IRANAMADU TANK,26.9,20130120,01KI0183,20130120
01AM001E,ADDALACHENAI,28.4,20130120,01AM001E,20130120
01GM0011,AMBEPUSSA GOVT FARM,29.3,20130120,01GM0011,20130120
01GL0267,LABUDUWA,22.4,20130120,01GL0267,20130120
01RT042C,BELIHULOYA,22.0,20130120,01RT042C,20130120
01AN193A,KAHATAGASDIGILIYA  W/S,23.4,20130120,01AN193A,20130120
01CB0025,AVISSAWELLA ESTATE,28.3,20130120,01CB0025,20130120
01CB0150,HANWELLA GROUP,26.4,20130120,01CB0150,20130120
01GM0373,NEGOMBO,19.6,20130120,01GM0373,20130120
01RT0435,PUSSELLA S.P.,20.4,20130120,01RT0435,20130120
01BT197B,KALKUDAH,28.9,20130120,01BT197B,20130120
01NE506B,UDARADELLA,20.1,20130120,01NE506B,20130120
01AM368B,NAVATKIRI ARU TANK,23.4,20130120,01AM368B,20130120
01RT0032,BALANGODA POST OFFICE,26.6,20130120,01RT0032,20130120
01AM493B,THIRUKKOVIL,26.3,20130120,01AM493B,20130120
01BT0357,MYLAMBAVELLY ESTATE,20.7,20130120,01BT0357,20130120
01KE009B,AMBANPITIYA ESTATE,25.3,20130120,01KE009B,20130120
01HT481A,SURIYAWEWA,22.7,20130120,01HT481A,20130120
01MT0232,KEKENADURA (MATARA),23.8,20130120,01MT0232,20130120
01KT400C,PALLEGODA ESTATE,27.1,20130120,01KT400C,20130120
01KG014A,ANDIGAMA FARM,20.8,20130120,01KG014A,20130120
01CB166A,HOMAGAMA,24.0,20130120,01CB166A,20130120
01GM487B,THAMMITA,29.8,20130120,01GM487B,20130120
01NE0236,KENILWORTH (STRATHELLIE),28.4,20130120,01NE0236,20130120
01KG258D,KULIYAPITIYA,23.8,20130120,01KG258D,20130120
01CB469B,COLOMBO PORT,25.9,20130120,01CB469B,20130120
01KG404A,PANDUWASNUWARA,22.3,20130120,01KG404A,20130120
01CB0080,DEHIWALA ZOO,29.0,20130120,01CB0080,20130120
01KY0418,PERADENIYA BOT.GARDENS,20.5,20130120,01KY0418,20130120
01KG0452,RIDIBENDI ELA,26.7,20130120,01KG0452,20130120
01CB0026,AVISSAWELLA HOSPITAL,25.1,20130120,01CB0026,20130120
01GM0528,WALPITA,28.3,20130120,01GM0528,20130120
01CB0016,ANGODA MENTAL HOSPITAL,22.7,20130120,01CB0016,20130120
01JF062A,CHAVAKACHCHERI,20.9,20130120,01JF062A,20130120
01KT0035,BANDARAGAMA,25.4,20130120,01KT0035,20130120
01KG0256,KOULWEWA,26.0,20130120,01KG0256,20130120
01PL020A,ARALAGANWILA,26.0,20130120,01PL020A,20130120
01KT513A,USK VALLEY S.P.,24.4,20130120,01KT513A,20130120
01MG141B,HANDAPANGALA,19.4,20130120,01MG141B,20130120
01KG0253,HAKWATUNA-OYA,24.6,20130120,01KG0253,20130120
01HT0292,MAHA LEWAYA (HAMBANTOTA),27.5,20130120,01HT0292,20130120
43PPP,POLONNARUWA,27.9,20130120,43PPP,20130120
01PU0013,ANAMADUWA DISPENSARY,27.2,20130120,01PU0013,20130120
01VA414A,PAVATKULAM,24.6,20130120,01VA414A,20130120
01KE0021,ARANAYAKE GOVT. HOSPITAL,28.1,20130120,01KE0021,20130120
01ML324A,MEDAPIHILLA,24.4,20130120,01ML324A,20130120
01NE0153,HATTON KOTAGALA ROSITA,26.4,20130120,01NE0153,20130120
01KG092B,DODANGASLANDA,21.4,20130120,01KG092B,20130120
01VA0518,VAVUNIYA P.W.D.,24.0,20130120,01VA0518,20130120
01PL0427,POLONNARUWA AGRI.STATION,25.0,20130120,01PL0427,20130120
01AM459A,SAMANTHURAI,27.9,20130120,01AM459A,20130120
01RT539B,WELLANDURA TEA FACTORY,27.9,20130120,01RT539B,20130120
01KT021A,ARAMANAGOLLA,29.1,20130120,01KT021A,20130120
01AM257A,KUDASIGIRIYA,21.5,20130120,01AM257A,20130120
43418,TRINCOMALEE,22.2,20130120,43418,20130120
43421,ANURADHAPURA,23.0,20130120,43421,20130120
43413,MANNAR,24.4,20130120,43413,20130120
43467,RATMALANA,21.0,20130120,43467,20130120
43424,PUTTALAM,27.6,20130120,43424,20130120
43999,POTTUVIL,25.3,20130120,43999,20130120
43404,JAFFNA,25.9,20130120,43404,20130120
43441,KURUNEGALA,19.9,20130120,43441,20130120
43436,BATTICALOA,19.3,20130120,43436,20130120
43444,KATUGASTOTA,24.2,20130120,43444,20130120
143476,BANDARAWELA,29.6,20130120,143476,20130120
