stationID,stationName,observedValue,dtg,spatialGranule,temporalGranule
01KG0329,MELLAWA ESTATE,21.1,20130108,01KG0329,20130108
01BD0545,WEWESSA ESTATE,26.1,20130108,01BD0545,20130108
01RT196A,KALAWANA MINI HYDRO,22.2,20130108,01RT196A,20130108
01PU313A,MARAWILA,23.6,20130108,01PU313A,20130108
01KG175A,IBBAGAMUWA,25.1,20130108,01KG175A,20130108
01KG0326,MEDIYAWA TANK,20.2,20130108,01KG0326,20130108
01PL0340,MINNERIYA TANK,24.0,20130108,01PL0340,20130108
01PL224A,KAUDULLA WEWA,29.1,20130108,01PL224A,20130108
01MU357A,MUTU IYANKADDU,27.6,20130108,01MU357A,20130108
01AM0459,SAGAMAM TANK,26.1,20130108,01AM0459,20130108
01JF0425,POINT PEDRO,21.4,20130108,01JF0425,20130108
01KE0544,WEWELTALAWA ESTATE,28.6,20130108,01KE0544,20130108
01CB0268,LABUGAMA TANK,21.2,20130108,01CB0268,20130108
01PL538C,WELIKANDA SINGHAPURA,27.8,20130108,01PL538C,20130108
01AN104A,EHETUGASWEWA,29.3,20130108,01AN104A,20130108
01KT0200,KALUTARA-P.W.D.,27.8,20130108,01KT0200,20130108
01AM0012,AMPARAI TANK,22.0,20130108,01AM0012,20130108
01KG0532,WARIYAPOLA EXPTL.STATION,29.6,20130108,01KG0532,20130108
01MG540A,WELLAWAYA,25.1,20130108,01MG540A,20130108
01GL0030,BADDEGAMA ESTATE,24.4,20130108,01GL0030,20130108
01KG407A,PANNALA VIRIDIYAWA EST,21.7,20130108,01KG407A,20130108
01MU0216,KANNUKKENI TANK,23.2,20130108,01MU0216,20130108
01KG469A,SIYAMBALANGAMUWA,19.6,20130108,01KG469A,20130108
01KI0183,IRANAMADU TANK,28.3,20130108,01KI0183,20130108
01AM001E,ADDALACHENAI,22.9,20130108,01AM001E,20130108
01GM0011,AMBEPUSSA GOVT FARM,28.6,20130108,01GM0011,20130108
01GL0267,LABUDUWA,25.5,20130108,01GL0267,20130108
01RT042C,BELIHULOYA,20.9,20130108,01RT042C,20130108
01AN193A,KAHATAGASDIGILIYA  W/S,19.1,20130108,01AN193A,20130108
01CB0025,AVISSAWELLA ESTATE,29.4,20130108,01CB0025,20130108
01CB0150,HANWELLA GROUP,27.0,20130108,01CB0150,20130108
01GM0373,NEGOMBO,27.8,20130108,01GM0373,20130108
01RT0435,PUSSELLA S.P.,22.1,20130108,01RT0435,20130108
01BT197B,KALKUDAH,22.5,20130108,01BT197B,20130108
01NE506B,UDARADELLA,22.4,20130108,01NE506B,20130108
01AM368B,NAVATKIRI ARU TANK,23.7,20130108,01AM368B,20130108
01RT0032,BALANGODA POST OFFICE,27.0,20130108,01RT0032,20130108
01AM493B,THIRUKKOVIL,29.3,20130108,01AM493B,20130108
01BT0357,MYLAMBAVELLY ESTATE,25.8,20130108,01BT0357,20130108
01KE009B,AMBANPITIYA ESTATE,25.2,20130108,01KE009B,20130108
01HT481A,SURIYAWEWA,23.5,20130108,01HT481A,20130108
01MT0232,KEKENADURA (MATARA),19.6,20130108,01MT0232,20130108
01KT400C,PALLEGODA ESTATE,20.8,20130108,01KT400C,20130108
01KG014A,ANDIGAMA FARM,19.9,20130108,01KG014A,20130108
01CB166A,HOMAGAMA,23.2,20130108,01CB166A,20130108
01GM487B,THAMMITA,25.6,20130108,01GM487B,20130108
01NE0236,KENILWORTH (STRATHELLIE),25.4,20130108,01NE0236,20130108
01KG258D,KULIYAPITIYA,25.4,20130108,01KG258D,20130108
01CB469B,COLOMBO PORT,26.3,20130108,01CB469B,20130108
01KG404A,PANDUWASNUWARA,19.5,20130108,01KG404A,20130108
01CB0080,DEHIWALA ZOO,25.4,20130108,01CB0080,20130108
01KY0418,PERADENIYA BOT.GARDENS,20.9,20130108,01KY0418,20130108
01KG0452,RIDIBENDI ELA,22.0,20130108,01KG0452,20130108
01CB0026,AVISSAWELLA HOSPITAL,23.9,20130108,01CB0026,20130108
01GM0528,WALPITA,26.7,20130108,01GM0528,20130108
01CB0016,ANGODA MENTAL HOSPITAL,19.1,20130108,01CB0016,20130108
01JF062A,CHAVAKACHCHERI,27.0,20130108,01JF062A,20130108
01KT0035,BANDARAGAMA,26.1,20130108,01KT0035,20130108
01KG0256,KOULWEWA,20.6,20130108,01KG0256,20130108
01PL020A,ARALAGANWILA,29.8,20130108,01PL020A,20130108
01KT513A,USK VALLEY S.P.,22.2,20130108,01KT513A,20130108
01MG141B,HANDAPANGALA,27.0,20130108,01MG141B,20130108
01KG0253,HAKWATUNA-OYA,27.0,20130108,01KG0253,20130108
01HT0292,MAHA LEWAYA (HAMBANTOTA),20.9,20130108,01HT0292,20130108
43PPP,POLONNARUWA,20.3,20130108,43PPP,20130108
01PU0013,ANAMADUWA DISPENSARY,21.8,20130108,01PU0013,20130108
01VA414A,PAVATKULAM,27.8,20130108,01VA414A,20130108
01KE0021,ARANAYAKE GOVT. HOSPITAL,20.5,20130108,01KE0021,20130108
01ML324A,MEDAPIHILLA,28.8,20130108,01ML324A,20130108
01NE0153,HATTON KOTAGALA ROSITA,27.2,20130108,01NE0153,20130108
01KG092B,DODANGASLANDA,24.5,20130108,01KG092B,20130108
01VA0518,VAVUNIYA P.W.D.,26.3,20130108,01VA0518,20130108
01PL0427,POLONNARUWA AGRI.STATION,27.5,20130108,01PL0427,20130108
01AM459A,SAMANTHURAI,21.0,20130108,01AM459A,20130108
01RT539B,WELLANDURA TEA FACTORY,22.0,20130108,01RT539B,20130108
01KT021A,ARAMANAGOLLA,27.5,20130108,01KT021A,20130108
01AM257A,KUDASIGIRIYA,27.0,20130108,01AM257A,20130108
43418,TRINCOMALEE,19.6,20130108,43418,20130108
43421,ANURADHAPURA,20.1,20130108,43421,20130108
43413,MANNAR,25.2,20130108,43413,20130108
43467,RATMALANA,25.1,20130108,43467,20130108
43424,PUTTALAM,25.7,20130108,43424,20130108
43999,POTTUVIL,29.6,20130108,43999,20130108
43404,JAFFNA,26.9,20130108,43404,20130108
43441,KURUNEGALA,20.7,20130108,43441,20130108
43436,BATTICALOA,28.8,20130108,43436,20130108
43444,KATUGASTOTA,22.3,20130108,43444,20130108
143476,BANDARAWELA,26.0,20130108,143476,20130108
