stationID,stationName,observedValue,dtg,spatialGranule,temporalGranule
01KG0329,MELLAWA ESTATE,28.1,20130114,01KG0329,20130114
01BD0545,WEWESSA ESTATE,25.3,20130114,01BD0545,20130114
01RT196A,KALAWANA MINI HYDRO,28.5,20130114,01RT196A,20130114
01PU313A,MARAWILA,25.8,20130114,01PU313A,20130114
01KG175A,IBBAGAMUWA,24.4,20130114,01KG175A,20130114
01KG0326,MEDIYAWA TANK,28.6,20130114,01KG0326,20130114
01PL0340,MINNERIYA TANK,19.6,20130114,01PL0340,20130114
01PL224A,KAUDULLA WEWA,20.6,20130114,01PL224A,20130114
01MU357A,MUTU IYANKADDU,24.0,20130114,01MU357A,20130114
01AM0459,SAGAMAM TANK,26.0,20130114,01AM0459,20130114
01JF0425,POINT PEDRO,19.0,20130114,01JF0425,20130114
01KE0544,WEWELTALAWA ESTATE,28.2,20130114,01KE0544,20130114
01CB0268,LABUGAMA TANK,23.0,20130114,01CB0268,20130114
01PL538C,WELIKANDA SINGHAPURA,25.2,20130114,01PL538C,20130114
01AN104A,EHETUGASWEWA,28.7,20130114,01AN104A,20130114
01KT0200,KALUTARA-P.W.D.,23.2,20130114,01KT0200,20130114
01AM0012,AMPARAI TANK,29.6,20130114,01AM0012,20130114
01KG0532,WARIYAPOLA EXPTL.STATION,22.3,20130114,01KG0532,20130114
01MG540A,WELLAWAYA,26.5,20130114,01MG540A,20130114
01GL0030,BADDEGAMA ESTATE,29.6,20130114,01GL0030,20130114
01KG407A,PANNALA VIRIDIYAWA EST,22.1,20130114,01KG407A,20130114
01MU0216,KANNUKKENI TANK,22.9,20130114,01MU0216,20130114
01KG469A,SIYAMBALANGAMUWA,23.2,20130114,01KG469A,20130114
01KI0183,IRANAMADU TANK,20.1,20130114,01KI0183,20130114
01AM001E,ADDALACHENAI,24.3,20130114,01AM001E,20130114
01GM0011,AMBEPUSSA GOVT FARM,28.2,20130114,01GM0011,20130114
01GL0267,LABUDUWA,29.8,20130114,01GL0267,20130114
01RT042C,BELIHULOYA,26.7,20130114,01RT042C,20130114
01AN193A,KAHATAGASDIGILIYA  W/S,22.9,20130114,01AN193A,20130114
01CB0025,AVISSAWELLA ESTATE,25.9,20130114,01CB0025,20130114
01CB0150,HANWELLA GROUP,22.4,20130114,01CB0150,20130114
01GM0373,NEGOMBO,19.5,20130114,01GM0373,20130114
01RT0435,PUSSELLA S.P.,21.6,20130114,01RT0435,20130114
01BT197B,KALKUDAH,29.5,20130114,01BT197B,20130114
01NE506B,UDARADELLA,22.6,20130114,01NE506B,20130114
01AM368B,NAVATKIRI ARU TANK,21.3,20130114,01AM368B,20130114
01RT0032,BALANGODA POST OFFICE,22.1,20130114,01RT0032,20130114
01AM493B,THIRUKKOVIL,29.3,20130114,01AM493B,20130114
01BT0357,MYLAMBAVELLY ESTATE,24.0,20130114,01BT0357,20130114
01KE009B,AMBANPITIYA ESTATE,27.6,20130114,01KE009B,20130114
01HT481A,SURIYAWEWA,28.2,20130114,01HT481A,20130114
01MT0232,KEKENADURA (MATARA),19.7,20130114,01MT0232,20130114
01KT400C,PALLEGODA ESTATE,20.4,20130114,01KT400C,20130114
01KG014A,ANDIGAMA FARM,23.9,20130114,01KG014A,20130114
01CB166A,HOMAGAMA,29.8,20130114,01CB166A,20130114
01GM487B,THAMMITA,23.5,20130114,01GM487B,20130114
01NE0236,KENILWORTH (STRATHELLIE),28.2,20130114,01NE0236,20130114
01KG258D,KULIYAPITIYA,19.8,20130114,01KG258D,20130114
01CB469B,COLOMBO PORT,23.4,20130114,01CB469B,20130114
01KG404A,PANDUWASNUWARA,22.1,20130114,01KG404A,20130114
01CB0080,DEHIWALA ZOO,26.6,20130114,01CB0080,20130114
01KY0418,PERADENIYA BOT.GARDENS,23.0,20130114,01KY0418,20130114
01KG0452,RIDIBENDI ELA,27.8,20130114,01KG0452,20130114
01CB0026,AVISSAWELLA HOSPITAL,27.3,20130114,01CB0026,20130114
01GM0528,WALPITA,22.3,20130114,01GM0528,20130114
01CB0016,ANGODA MENTAL HOSPITAL,28.9,20130114,01CB0016,20130114
01JF062A,CHAVAKACHCHERI,22.0,20130114,01JF062A,20130114
01KT0035,BANDARAGAMA,21.2,20130114,01KT0035,20130114
01KG0256,KOULWEWA,22.1,20130114,01KG0256,20130114
01PL020A,ARALAGANWILA,21.6,20130114,01PL020A,20130114
01KT513A,USK VALLEY S.P.,24.3,20130114,01KT513A,20130114
01MG141B,HANDAPANGALA,25.9,20130114,01MG141B,20130114
01KG0253,HAKWATUNA-OYA,22.3,20130114,01KG0253,20130114
01HT0292,MAHA LEWAYA (HAMBANTOTA),19.5,20130114,01HT0292,20130114
43PPP,POLONNARUWA,25.8,20130114,43PPP,20130114
01PU0013,ANAMADUWA DISPENSARY,27.9,20130114,01PU0013,20130114
01VA414A,PAVATKULAM,28.0,20130114,01VA414A,20130114
01KE0021,ARANAYAKE GOVT. HOSPITAL,20.6,20130114,01KE0021,20130114
01ML324A,MEDAPIHILLA,19.4,20130114,01ML324A,20130114
01NE0153,HATTON KOTAGALA ROSITA,20.8,20130114,01NE0153,20130114
01KG092B,DODANGASLANDA,24.6,20130114,01KG092B,20130114
01VA0518,VAVUNIYA P.W.D.,22.4,20130114,01VA0518,20130114
01PL0427,POLONNARUWA AGRI.STATION,27.7,20130114,01PL0427,20130114
01AM459A,SAMANTHURAI,28.9,20130114,01AM459A,20130114
01RT539B,WELLANDURA TEA FACTORY,23.1,20130114,01RT539B,20130114
01KT021A,ARAMANAGOLLA,26.2,20130114,01KT021A,20130114
01AM257A,KUDASIGIRIYA,27.6,20130114,01AM257A,20130114
43418,TRINCOMALEE,21.1,20130114,43418,20130114
43421,ANURADHAPURA,25.3,20130114,43421,20130114
43413,MANNAR,28.6,20130114,43413,20130114
43467,RATMALANA,23.8,20130114,43467,20130114
43424,PUTTALAM,23.3,20130114,43424,20130114
43999,POTTUVIL,28.7,20130114,43999,20130114
43404,JAFFNA,19.7,20130114,43404,20130114
43441,KURUNEGALA,25.2,20130114,43441,20130114
43436,BATTICALOA,19.2,20130114,43436,20130114
43444,KATUGASTOTA,23.7,20130114,43444,20130114
143476,BANDARAWELA,25.0,20130114,143476,20130114
