cell,mobility,dtg
1610,1.34,201301050000
1846,1.15,201301050000
1851,1.19,201301050000
1853,1.48,201301050000
1856,1.1,201301050000
1857,2.19,201301050000
2103,2.52,201301050000
2105,2.15,201301050000
2106,2.34,201301050000
2107,0.75,201301050000
2114,2.5,201301050000
2342,1.45,201301050000
2347,1.79,201301050000
2351,1.01,201301050000
2354,2.92,201301050000
2357,2.93,201301050000
2372,2.7,201301050000
2374,1.61,201301050000
2591,2.86,201301050000
2595,1.81,201301050000
2605,1.93,201301050000
2611,0.79,201301050000
2615,0.77,201301050000
2620,2.38,201301050000
2627,2.34,201301050000
2839,1.68,201301050000
2847,2.47,201301050000
3086,1.72,201301050000
3094,1.52,201301050000
3100,1.69,201301050000
3124,2.87,201301050000
3128,0.93,201301050000
3334,0.52,201301050000
3337,1.82,201301050000
3375,2.48,201301050000
3614,1.0,201301050000
3619,2.58,201301050000
3632,2.43,201301050000
3635,2.67,201301050000
3830,2.46,201301050000
3831,2.21,201301050000
3833,1.95,201301050000
3837,0.85,201301050000
3845,2.92,201301050000
3856,2.2,201301050000
3860,2.41,201301050000
3865,2.26,201301050000
4078,0.62,201301050000
4081,2.0,201301050000
4137,1.25,201301050000
4141,1.09,201301050000
4142,1.59,201301050000
4328,2.74,201301050000
4329,1.05,201301050000
4341,1.08,201301050000
4345,1.97,201301050000
4348,2.71,201301050000
4354,2.06,201301050000
4372,2.89,201301050000
4577,1.71,201301050000
4578,1.25,201301050000
4580,1.63,201301050000
4582,2.66,201301050000
4605,1.12,201301050000
4608,0.73,201301050000
4631,2.99,201301050000
4636,2.65,201301050000
4637,1.71,201301050000
4829,0.78,201301050000
4830,2.23,201301050000
4831,2.19,201301050000
4834,1.38,201301050000
4837,1.86,201301050000
4852,0.8,201301050000
4863,2.23,201301050000
4868,1.94,201301050000
4890,2.9,201301050000
4891,2.53,201301050000
5078,1.86,201301050000
5081,1.81,201301050000
5084,1.76,201301050000
5127,2.89,201301050000
5153,2.22,201301050000
5327,1.31,201301050000
5329,2.86,201301050000
5333,0.78,201301050000
5334,2.24,201301050000
5339,2.1,201301050000
5369,0.77,201301050000
5402,1.5,201301050000
5410,1.01,201301050000
5577,1.03,201301050000
5581,1.84,201301050000
5592,2.15,201301050000
5612,1.79,201301050000
5623,1.51,201301050000
5876,0.95,201301050000
5893,0.95,201301050000
5898,2.23,201301050000
6078,1.46,201301050000
6118,3.0,201301050000
6136,1.91,201301050000
6158,2.97,201301050000
6159,1.01,201301050000
6333,0.95,201301050000
6353,1.06,201301050000
6365,2.29,201301050000
6366,2.62,201301050000
6414,1.18,201301050000
6588,1.96,201301050000
6609,0.61,201301050000
6635,2.56,201301050000
6668,2.59,201301050000
6841,2.04,201301050000
6849,1.5,201301050000
6896,1.75,201301050000
6924,1.9,201301050000
6928,1.27,201301050000
6935,2.51,201301050000
6939,1.3,201301050000
7077,2.95,201301050000
7078,1.06,201301050000
7085,2.27,201301050000
7088,0.78,201301050000
7113,2.19,201301050000
7114,0.84,201301050000
7129,1.69,201301050000
7133,1.61,201301050000
7165,1.07,201301050000
7192,1.56,201301050000
7354,1.67,201301050000
7375,0.82,201301050000
7379,2.24,201301050000
7401,1.39,201301050000
7410,1.44,201301050000
7436,0.9,201301050000
7584,2.3,201301050000
7646,0.7,201301050000
7849,2.41,201301050000
7871,2.94,201301050000
7927,1.52,201301050000
7948,2.56,201301050000
8080,1.18,201301050000
8170,0.56,201301050000
8182,1.03,201301050000
8195,2.83,201301050000
8342,1.4,201301050000
8582,2.33,201301050000
8602,0.7,201301050000
8609,2.34,201301050000
8638,2.89,201301050000
8656,1.33,201301050000
8830,1.52,201301050000
8839,1.29,201301050000
8876,2.33,201301050000
8897,2.53,201301050000
8912,2.11,201301050000
8918,2.62,201301050000
8929,0.76,201301050000
8940,2.25,201301050000
8954,1.58,201301050000
9140,2.74,201301050000
9333,1.86,201301050000
9468,2.96,201301050000
9473,1.76,201301050000
9589,1.05,201301050000
9601,1.47,201301050000
9607,2.16,201301050000
9658,2.6,201301050000
9724,2.23,201301050000
9833,0.89,201301050000
10084,2.88,201301050000
10089,1.79,201301050000
10096,2.09,201301050000
10144,1.38,201301050000
10170,2.13,201301050000
10181,1.14,201301050000
10189,0.79,201301050000
10201,1.14,201301050000
10334,1.05,201301050000
10335,2.74,201301050000
10383,2.94,201301050000
10414,1.29,201301050000
10444,2.84,201301050000
10458,2.46,201301050000
10477,0.68,201301050000
10586,1.3,201301050000
10601,1.47,201301050000
10609,1.45,201301050000
10616,2.51,201301050000
10633,2.77,201301050000
10655,2.97,201301050000
10665,2.45,201301050000
10681,1.75,201301050000
10717,1.05,201301050000
10835,2.41,201301050000
10837,1.87,201301050000
10847,1.55,201301050000
10903,2.65,201301050000
10911,2.32,201301050000
10918,2.47,201301050000
10973,2.26,201301050000
11087,1.97,201301050000
11092,1.79,201301050000
11128,2.14,201301050000
11222,1.59,201301050000
11223,2.89,201301050000
11225,0.81,201301050000
11238,0.79,201301050000
11361,2.15,201301050000
11393,0.92,201301050000
11424,0.98,201301050000
11601,1.4,201301050000
11682,0.69,201301050000
11704,2.52,201301050000
11858,1.04,201301050000
11884,1.69,201301050000
11901,1.5,201301050000
11946,1.13,201301050000
11960,2.46,201301050000
11972,1.56,201301050000
12089,1.19,201301050000
12090,1.72,201301050000
12096,1.1,201301050000
12120,2.98,201301050000
12157,1.54,201301050000
12230,1.47,201301050000
12383,2.38,201301050000
12431,2.58,201301050000
12601,2.81,201301050000
12625,0.8,201301050000
12632,1.04,201301050000
12842,0.65,201301050000
12875,2.66,201301050000
12901,1.42,201301050000
12913,2.28,201301050000
12933,2.8,201301050000
12934,0.89,201301050000
12985,2.12,201301050000
13099,0.66,201301050000
13114,1.15,201301050000
13150,0.57,201301050000
13175,0.97,201301050000
13183,2.7,201301050000
13222,2.97,201301050000
13358,1.52,201301050000
13444,1.22,201301050000
13455,1.13,201301050000
13456,0.81,201301050000
13670,1.55,201301050000
13694,0.92,201301050000
13845,1.04,201301050000
13849,0.72,201301050000
14011,1.66,201301050000
14095,0.66,201301050000
14133,1.43,201301050000
14161,0.68,201301050000
14167,2.1,201301050000
14184,1.46,201301050000
14241,1.54,201301050000
14255,2.27,201301050000
14349,1.55,201301050000
14350,2.62,201301050000
14375,2.67,201301050000
14452,1.74,201301050000
14475,0.61,201301050000
14620,0.82,201301050000
14673,2.91,201301050000
14745,2.06,201301050000
14859,2.42,201301050000
14936,1.52,201301050000
14995,0.78,201301050000
15097,2.28,201301050000
15098,0.71,201301050000
15246,1.19,201301050000
15349,2.1,201301050000
15440,0.62,201301050000
15600,1.04,201301050000
15656,2.25,201301050000
15672,2.92,201301050000
15699,1.38,201301050000
15714,1.11,201301050000
15725,1.48,201301050000
15744,1.93,201301050000
15849,0.63,201301050000
15850,2.9,201301050000
15851,0.87,201301050000
15853,1.01,201301050000
15871,2.12,201301050000
16100,2.12,201301050000
16105,1.58,201301050000
16114,1.05,201301050000
16171,2.68,201301050000
16184,1.7,201301050000
16400,2.49,201301050000
16414,2.56,201301050000
16601,2.83,201301050000
16604,2.14,201301050000
16625,2.33,201301050000
16670,1.23,201301050000
16853,2.09,201301050000
16868,2.71,201301050000
16932,1.05,201301050000
17232,1.46,201301050000
17355,1.68,201301050000
17358,2.58,201301050000
17367,1.12,201301050000
17635,0.54,201301050000
17673,2.21,201301050000
17681,1.92,201301050000
17884,2.66,201301050000
17984,2.83,201301050000
18108,2.12,201301050000
18115,2.71,201301050000
18118,2.04,201301050000
18123,2.28,201301050000
18139,1.57,201301050000
18154,1.24,201301050000
18160,1.48,201301050000
18177,1.96,201301050000
18185,0.8,201301050000
18383,2.42,201301050000
18404,2.44,201301050000
18427,0.7,201301050000
18466,1.44,201301050000
18616,1.89,201301050000
18629,0.77,201301050000
18861,1.99,201301050000
18866,1.02,201301050000
18925,0.59,201301050000
19110,2.59,201301050000
19112,0.89,201301050000
19114,1.95,201301050000
19122,0.73,201301050000
19360,2.14,201301050000
19443,2.29,201301050000
19481,0.75,201301050000
19611,2.73,201301050000
19612,0.77,201301050000
19618,1.35,201301050000
19633,1.06,201301050000
19678,2.17,201301050000
19878,1.37,201301050000
19913,1.56,201301050000
20113,1.14,201301050000
20114,1.77,201301050000
20116,1.23,201301050000
20170,0.59,201301050000
20363,2.92,201301050000
20387,0.82,201301050000
20396,1.04,201301050000
20436,1.85,201301050000
20616,2.94,201301050000
20621,1.76,201301050000
20628,2.25,201301050000
20651,2.16,201301050000
20671,1.07,201301050000
20682,2.86,201301050000
20864,2.38,201301050000
20882,1.2,201301050000
20931,2.66,201301050000
20995,1.76,201301050000
21115,1.51,201301050000
21118,0.81,201301050000
21201,2.98,201301050000
21373,0.98,201301050000
21377,2.35,201301050000
21392,1.71,201301050000
21407,2.02,201301050000
21428,1.87,201301050000
21448,1.84,201301050000
21617,2.03,201301050000
21619,1.19,201301050000
21639,1.91,201301050000
21658,1.45,201301050000
21663,2.6,201301050000
21701,1.73,201301050000
21721,0.87,201301050000
21868,2.23,201301050000
21871,1.41,201301050000
21999,2.46,201301050000
22126,2.39,201301050000
22133,2.45,201301050000
22174,1.01,201301050000
22176,2.66,201301050000
22205,1.1,201301050000
22368,1.4,201301050000
22395,1.98,201301050000
22419,1.29,201301050000
22420,2.02,201301050000
22421,1.34,201301050000
22422,2.34,201301050000
22619,2.45,201301050000
22630,2.03,201301050000
22634,0.55,201301050000
22671,0.83,201301050000
22673,2.96,201301050000
22700,2.05,201301050000
22751,1.46,201301050000
22768,2.76,201301050000
22869,1.93,201301050000
22877,2.07,201301050000
22928,0.84,201301050000
22940,1.97,201301050000
22955,1.7,201301050000
22963,1.82,201301050000
22966,2.1,201301050000
23120,1.21,201301050000
23124,2.83,201301050000
23125,1.92,201301050000
23131,1.21,201301050000
23138,0.52,201301050000
23169,1.76,201301050000
23194,1.21,201301050000
23216,2.88,201301050000
23370,2.1,201301050000
23371,1.43,201301050000
23379,2.98,201301050000
23386,1.88,201301050000
23388,1.4,201301050000
23427,1.81,201301050000
23621,1.61,201301050000
23627,0.6,201301050000
23635,1.36,201301050000
23641,0.99,201301050000
23662,0.65,201301050000
23669,2.32,201301050000
23690,1.75,201301050000
23744,2.75,201301050000
23750,1.25,201301050000
23872,2.31,201301050000
23873,1.47,201301050000
23875,1.43,201301050000
23881,0.99,201301050000
23894,1.14,201301050000
23896,2.19,201301050000
23907,2.89,201301050000
23925,2.05,201301050000
23973,0.54,201301050000
24005,2.23,201301050000
24009,0.55,201301050000
24032,1.63,201301050000
24122,3.0,201301050000
24123,1.17,201301050000
24149,2.81,201301050000
24247,2.34,201301050000
24251,2.53,201301050000
24265,1.39,201301050000
24266,1.48,201301050000
24373,1.9,201301050000
24374,2.39,201301050000
24380,1.62,201301050000
24381,0.93,201301050000
24383,1.4,201301050000
24387,2.44,201301050000
24402,2.11,201301050000
24405,1.76,201301050000
24423,1.15,201301050000
24623,2.99,201301050000
24626,0.85,201301050000
24643,2.45,201301050000
24732,2.06,201301050000
24734,1.47,201301050000
24739,1.98,201301050000
24774,1.14,201301050000
24775,0.63,201301050000
24781,1.86,201301050000
24837,1.71,201301050000
24874,1.7,201301050000
24877,1.04,201301050000
24879,0.62,201301050000
24880,1.08,201301050000
24895,1.87,201301050000
24920,1.28,201301050000
24990,2.7,201301050000
24991,0.99,201301050000
24993,1.6,201301050000
25124,2.12,201301050000
25125,2.42,201301050000
25126,2.12,201301050000
25129,0.56,201301050000
25130,1.36,201301050000
25132,0.56,201301050000
25136,1.49,201301050000
25138,2.73,201301050000
25141,0.82,201301050000
25179,2.05,201301050000
25187,1.93,201301050000
25375,2.32,201301050000
25376,0.7,201301050000
25377,2.16,201301050000
25379,1.17,201301050000
25385,2.25,201301050000
25395,0.92,201301050000
25400,1.85,201301050000
25405,1.35,201301050000
25412,2.66,201301050000
25427,1.94,201301050000
25626,0.77,201301050000
25627,1.13,201301050000
25628,2.94,201301050000
25629,2.34,201301050000
25632,1.35,201301050000
25633,1.06,201301050000
25642,1.27,201301050000
25715,2.68,201301050000
25747,1.4,201301050000
25763,0.59,201301050000
25876,2.61,201301050000
25877,0.79,201301050000
25878,0.66,201301050000
25881,2.77,201301050000
25882,0.73,201301050000
25886,1.73,201301050000
25888,0.93,201301050000
25926,0.62,201301050000
25997,2.66,201301050000
26005,2.88,201301050000
26035,0.56,201301050000
26127,1.74,201301050000
26129,1.06,201301050000
26130,1.98,201301050000
26133,2.04,201301050000
26135,0.66,201301050000
26136,2.73,201301050000
26138,1.77,201301050000
26139,1.93,201301050000
26141,2.47,201301050000
26148,1.48,201301050000
26168,2.3,201301050000
26378,1.81,201301050000
26379,0.83,201301050000
26380,0.82,201301050000
26381,2.55,201301050000
26382,1.79,201301050000
26383,1.86,201301050000
26385,0.54,201301050000
26386,2.46,201301050000
26387,2.14,201301050000
26389,1.89,201301050000
26391,1.41,201301050000
26392,0.78,201301050000
26393,0.54,201301050000
26396,2.45,201301050000
26403,2.69,201301050000
26408,1.23,201301050000
26427,1.78,201301050000
26450,1.18,201301050000
26492,2.46,201301050000
26546,1.97,201301050000
26563,1.51,201301050000
26564,1.71,201301050000
26628,2.35,201301050000
26629,2.44,201301050000
26630,2.39,201301050000
26631,0.92,201301050000
26633,1.51,201301050000
26634,2.21,201301050000
26656,2.53,201301050000
26674,2.75,201301050000
26708,1.57,201301050000
26752,2.69,201301050000
26754,2.05,201301050000
26755,2.52,201301050000
26782,2.85,201301050000
26846,2.79,201301050000
26879,2.4,201301050000
26880,2.04,201301050000
26881,1.44,201301050000
26882,2.5,201301050000
26883,0.6,201301050000
26884,1.03,201301050000
26885,0.97,201301050000
26886,1.42,201301050000
26887,2.23,201301050000
26889,2.27,201301050000
26890,2.6,201301050000
26891,0.54,201301050000
26892,1.37,201301050000
26893,2.44,201301050000
26894,0.79,201301050000
26895,0.99,201301050000
26897,1.77,201301050000
26905,1.38,201301050000
26938,2.15,201301050000
26964,1.82,201301050000
27006,1.39,201301050000
27042,2.99,201301050000
27098,1.49,201301050000
27130,2.04,201301050000
27131,1.88,201301050000
27132,1.04,201301050000
27133,1.29,201301050000
27134,0.58,201301050000
27135,2.28,201301050000
27136,1.08,201301050000
27137,1.5,201301050000
27138,0.84,201301050000
27142,1.15,201301050000
27143,1.78,201301050000
27145,2.75,201301050000
27148,1.41,201301050000
27149,0.8,201301050000
27152,1.76,201301050000
27155,2.26,201301050000
27175,1.65,201301050000
27209,2.4,201301050000
27247,1.07,201301050000
27381,2.73,201301050000
27382,2.21,201301050000
27383,2.31,201301050000
27384,1.86,201301050000
27386,0.5,201301050000
27387,0.76,201301050000
27388,2.29,201301050000
27389,1.07,201301050000
27390,0.5,201301050000
27392,1.33,201301050000
27395,2.34,201301050000
27404,2.92,201301050000
27415,1.73,201301050000
27427,1.2,201301050000
27489,1.92,201301050000
27494,0.51,201301050000
27498,2.69,201301050000
27518,0.67,201301050000
27632,2.79,201301050000
27633,1.18,201301050000
27634,0.79,201301050000
27635,1.0,201301050000
27636,1.36,201301050000
27637,1.36,201301050000
27638,1.23,201301050000
27639,0.59,201301050000
27640,2.87,201301050000
27642,2.82,201301050000
27643,2.69,201301050000
27645,1.88,201301050000
27646,2.35,201301050000
27647,1.62,201301050000
27649,2.62,201301050000
27654,2.04,201301050000
27763,1.01,201301050000
27764,2.17,201301050000
27796,2.72,201301050000
27797,1.63,201301050000
27883,0.71,201301050000
27884,0.85,201301050000
27885,0.59,201301050000
27886,1.7,201301050000
27887,2.59,201301050000
27888,1.23,201301050000
27889,0.84,201301050000
27890,1.88,201301050000
27891,1.75,201301050000
27892,2.38,201301050000
27894,1.61,201301050000
27895,2.03,201301050000
27897,0.95,201301050000
27902,1.36,201301050000
27908,2.49,201301050000
27911,1.55,201301050000
27930,2.03,201301050000
27971,2.86,201301050000
28004,1.06,201301050000
28015,1.8,201301050000
28049,2.66,201301050000
28102,1.51,201301050000
28134,2.93,201301050000
28135,1.98,201301050000
28136,1.8,201301050000
28137,2.72,201301050000
28138,2.51,201301050000
28139,2.02,201301050000
28140,2.97,201301050000
28142,0.79,201301050000
28143,1.85,201301050000
28144,2.9,201301050000
28146,2.18,201301050000
28154,2.72,201301050000
28156,2.25,201301050000
28216,2.04,201301050000
28239,0.82,201301050000
28384,1.65,201301050000
28385,1.69,201301050000
28386,2.6,201301050000
28387,0.59,201301050000
28388,2.75,201301050000
28389,1.11,201301050000
28390,1.14,201301050000
28391,2.3,201301050000
28392,2.68,201301050000
28393,1.28,201301050000
28394,2.93,201301050000
28396,0.9,201301050000
28397,1.0,201301050000
28400,1.37,201301050000
28401,2.28,201301050000
28405,0.85,201301050000
28427,0.78,201301050000
28467,1.0,201301050000
28496,2.1,201301050000
28497,1.42,201301050000
28519,1.24,201301050000
28535,1.2,201301050000
28539,2.07,201301050000
28545,1.53,201301050000
28557,1.71,201301050000
28635,1.52,201301050000
28636,1.46,201301050000
28637,2.15,201301050000
28638,2.2,201301050000
28639,1.58,201301050000
28640,2.65,201301050000
28641,0.58,201301050000
28642,0.68,201301050000
28643,1.97,201301050000
28644,2.37,201301050000
28645,2.84,201301050000
28646,2.53,201301050000
28649,2.94,201301050000
28658,2.13,201301050000
28667,1.66,201301050000
28675,0.51,201301050000
28751,0.88,201301050000
28753,0.81,201301050000
28754,2.56,201301050000
28788,1.03,201301050000
28812,2.34,201301050000
28823,2.15,201301050000
28886,2.29,201301050000
28887,2.29,201301050000
28888,0.69,201301050000
28889,0.75,201301050000
28890,2.71,201301050000
28891,2.54,201301050000
28892,1.3,201301050000
28893,1.4,201301050000
28894,2.49,201301050000
28895,0.79,201301050000
28896,1.92,201301050000
28897,0.92,201301050000
28899,2.48,201301050000
28900,2.81,201301050000
28901,1.38,201301050000
28902,2.38,201301050000
28905,1.72,201301050000
28912,1.07,201301050000
28960,2.56,201301050000
28969,1.73,201301050000
29004,1.72,201301050000
29012,2.75,201301050000
29026,1.84,201301050000
29068,1.97,201301050000
29076,0.93,201301050000
29088,0.64,201301050000
29094,1.5,201301050000
29136,2.96,201301050000
29137,0.97,201301050000
29138,1.39,201301050000
29139,1.43,201301050000
29140,2.26,201301050000
29141,1.16,201301050000
29142,0.95,201301050000
29143,1.49,201301050000
29144,1.22,201301050000
29146,0.7,201301050000
29147,1.98,201301050000
29148,1.25,201301050000
29149,1.32,201301050000
29151,1.34,201301050000
29158,0.83,201301050000
29165,2.6,201301050000
29171,1.44,201301050000
29190,0.67,201301050000
29247,1.57,201301050000
29387,1.06,201301050000
29388,1.62,201301050000
29389,2.24,201301050000
29390,2.66,201301050000
29391,1.44,201301050000
29392,1.11,201301050000
29393,1.72,201301050000
29394,2.56,201301050000
29395,2.74,201301050000
29396,1.03,201301050000
29397,1.13,201301050000
29398,0.58,201301050000
29399,1.09,201301050000
29401,0.65,201301050000
29402,1.12,201301050000
29403,2.73,201301050000
29405,1.61,201301050000
29409,1.6,201301050000
29425,2.51,201301050000
29429,2.84,201301050000
29495,2.04,201301050000
29498,2.28,201301050000
29533,2.6,201301050000
29556,1.79,201301050000
29638,2.7,201301050000
29639,1.51,201301050000
29640,2.61,201301050000
29641,0.66,201301050000
29642,0.5,201301050000
29643,1.68,201301050000
29644,2.94,201301050000
29645,1.25,201301050000
29648,1.17,201301050000
29649,1.91,201301050000
29650,2.47,201301050000
29654,0.89,201301050000
29663,2.02,201301050000
29670,1.49,201301050000
29710,1.35,201301050000
29730,1.19,201301050000
29733,1.0,201301050000
29736,0.6,201301050000
29766,1.85,201301050000
29891,0.85,201301050000
29892,0.5,201301050000
29893,0.53,201301050000
29894,2.53,201301050000
29895,0.98,201301050000
29896,1.85,201301050000
29897,1.16,201301050000
29898,1.3,201301050000
29900,2.0,201301050000
29903,1.59,201301050000
29906,2.62,201301050000
29909,0.71,201301050000
29912,0.92,201301050000
29917,1.91,201301050000
29925,1.97,201301050000
29966,1.98,201301050000
30021,1.83,201301050000
30026,2.39,201301050000
30036,0.5,201301050000
30142,2.89,201301050000
30143,1.82,201301050000
30144,2.44,201301050000
30145,1.59,201301050000
30146,2.92,201301050000
30147,1.91,201301050000
30148,1.5,201301050000
30152,0.56,201301050000
30154,2.9,201301050000
30157,1.58,201301050000
30158,1.23,201301050000
30181,2.63,201301050000
30242,2.98,201301050000
30243,2.16,201301050000
30244,1.42,201301050000
30261,2.05,201301050000
30300,1.28,201301050000
30322,2.82,201301050000
30393,2.29,201301050000
30394,0.63,201301050000
30395,1.08,201301050000
30396,2.5,201301050000
30397,1.91,201301050000
30398,0.77,201301050000
30400,1.41,201301050000
30401,2.12,201301050000
30403,2.19,201301050000
30407,2.49,201301050000
30410,2.17,201301050000
30420,0.78,201301050000
30430,1.45,201301050000
30434,0.59,201301050000
30439,2.42,201301050000
30481,1.64,201301050000
30489,1.5,201301050000
30494,1.92,201301050000
30495,2.56,201301050000
30496,1.29,201301050000
30645,1.97,201301050000
30646,2.93,201301050000
30647,0.7,201301050000
30648,2.8,201301050000
30649,0.95,201301050000
30650,1.59,201301050000
30651,1.42,201301050000
30652,1.78,201301050000
30653,0.61,201301050000
30654,1.8,201301050000
30661,1.23,201301050000
30664,0.62,201301050000
30666,0.77,201301050000
30669,2.12,201301050000
30673,1.81,201301050000
30683,2.05,201301050000
30745,1.44,201301050000
30750,2.76,201301050000
30777,2.52,201301050000
30780,2.68,201301050000
30812,1.62,201301050000
30897,0.86,201301050000
30898,2.49,201301050000
30899,2.01,201301050000
30900,0.9,201301050000
30901,2.1,201301050000
30902,2.95,201301050000
30903,1.15,201301050000
30904,1.98,201301050000
30908,2.99,201301050000
30909,1.26,201301050000
30912,0.6,201301050000
30913,1.14,201301050000
30928,1.47,201301050000
30953,1.79,201301050000
30979,1.65,201301050000
30994,0.6,201301050000
30995,2.0,201301050000
31027,2.72,201301050000
31028,0.88,201301050000
31029,1.93,201301050000
31082,0.75,201301050000
31148,1.36,201301050000
31149,1.08,201301050000
31150,1.67,201301050000
31151,1.11,201301050000
31152,0.66,201301050000
31156,1.13,201301050000
31157,0.51,201301050000
31161,0.82,201301050000
31166,1.72,201301050000
31172,1.94,201301050000
31274,2.44,201301050000
31281,1.59,201301050000
31369,2.13,201301050000
31398,2.26,201301050000
31401,1.33,201301050000
31407,2.0,201301050000
31408,1.28,201301050000
31409,1.49,201301050000
31410,2.09,201301050000
31413,0.76,201301050000
31419,2.12,201301050000
31427,2.08,201301050000
31457,2.23,201301050000
31466,0.92,201301050000
31651,1.18,201301050000
31652,1.46,201301050000
31656,2.53,201301050000
31660,0.64,201301050000
31663,2.03,201301050000
31666,0.75,201301050000
31675,2.91,201301050000
31738,1.69,201301050000
31754,1.29,201301050000
31782,2.69,201301050000
31903,1.0,201301050000
31904,2.76,201301050000
31905,2.18,201301050000
31906,0.92,201301050000
31908,2.66,201301050000
31912,0.55,201301050000
31921,2.32,201301050000
31928,2.63,201301050000
31949,2.21,201301050000
32028,2.81,201301050000
32032,1.7,201301050000
32045,1.28,201301050000
32150,0.9,201301050000
32155,2.19,201301050000
32157,1.57,201301050000
32161,2.81,201301050000
32162,1.11,201301050000
32167,1.85,201301050000
32169,2.86,201301050000
32175,0.77,201301050000
32182,2.03,201301050000
32185,0.69,201301050000
32195,2.43,201301050000
32235,1.69,201301050000
32404,1.04,201301050000
32405,2.05,201301050000
32410,0.74,201301050000
32411,2.9,201301050000
32415,2.11,201301050000
32449,1.66,201301050000
32490,1.21,201301050000
32558,1.17,201301050000
32622,1.7,201301050000
32656,0.98,201301050000
32658,1.66,201301050000
32660,2.13,201301050000
32662,2.84,201301050000
32668,1.28,201301050000
32682,0.97,201301050000
32697,1.39,201301050000
32712,2.4,201301050000
32729,2.42,201301050000
32739,1.38,201301050000
32742,2.7,201301050000
32744,1.23,201301050000
32802,3.0,201301050000
32834,2.93,201301050000
32905,2.33,201301050000
32907,1.13,201301050000
32912,2.24,201301050000
32916,1.61,201301050000
32922,1.2,201301050000
32924,2.12,201301050000
32926,2.19,201301050000
32929,1.19,201301050000
32977,0.98,201301050000
32978,0.61,201301050000
33154,1.63,201301050000
33158,0.92,201301050000
33160,2.37,201301050000
33165,1.73,201301050000
33170,2.43,201301050000
33186,1.73,201301050000
33286,1.1,201301050000
33405,1.47,201301050000
33409,1.89,201301050000
33412,2.28,201301050000
33418,2.1,201301050000
33420,2.2,201301050000
33424,1.69,201301050000
33435,1.84,201301050000
33442,1.74,201301050000
33519,0.68,201301050000
33594,1.79,201301050000
33656,1.97,201301050000
33659,1.8,201301050000
33662,1.33,201301050000
33664,2.21,201301050000
33666,1.76,201301050000
33669,1.89,201301050000
33673,2.95,201301050000
33675,2.27,201301050000
33694,1.18,201301050000
33724,1.25,201301050000
33742,1.97,201301050000
33812,1.48,201301050000
33909,1.85,201301050000
33911,2.28,201301050000
33912,1.36,201301050000
33913,2.14,201301050000
33922,2.42,201301050000
33923,1.87,201301050000
33924,2.85,201301050000
33931,1.39,201301050000
33935,2.61,201301050000
33986,2.77,201301050000
34013,2.41,201301050000
34160,2.82,201301050000
34161,2.17,201301050000
34162,1.4,201301050000
34163,1.41,201301050000
34167,2.77,201301050000
34190,0.61,201301050000
34211,2.96,201301050000
34303,0.89,201301050000
34380,0.87,201301050000
34407,0.94,201301050000
34413,0.64,201301050000
34423,1.65,201301050000
34424,0.64,201301050000
34427,2.54,201301050000
34430,0.99,201301050000
34437,1.24,201301050000
34440,1.86,201301050000
34486,1.02,201301050000
34495,1.43,201301050000
34510,1.64,201301050000
34520,1.79,201301050000
34528,2.81,201301050000
34563,1.71,201301050000
34662,2.53,201301050000
34667,2.28,201301050000
34668,1.61,201301050000
34670,2.73,201301050000
34672,1.47,201301050000
34673,0.84,201301050000
34676,1.93,201301050000
34679,0.68,201301050000
34682,1.35,201301050000
34695,0.82,201301050000
34710,2.52,201301050000
34714,2.34,201301050000
34720,1.09,201301050000
34882,0.84,201301050000
34913,1.29,201301050000
34914,2.35,201301050000
34915,1.22,201301050000
34924,1.5,201301050000
34925,1.73,201301050000
34934,1.87,201301050000
34939,2.3,201301050000
34959,2.26,201301050000
34990,0.54,201301050000
35102,1.69,201301050000
35164,1.71,201301050000
35166,1.22,201301050000
35173,2.89,201301050000
35178,1.73,201301050000
35183,2.68,201301050000
35185,1.73,201301050000
35187,2.55,201301050000
35193,2.3,201301050000
35203,2.53,201301050000
35218,2.99,201301050000
35237,0.7,201301050000
35244,0.97,201301050000
35249,0.96,201301050000
35295,1.27,201301050000
35368,2.16,201301050000
35410,2.78,201301050000
35414,0.98,201301050000
35415,0.99,201301050000
35417,0.65,201301050000
35421,1.59,201301050000
35440,2.31,201301050000
35455,0.94,201301050000
35492,2.82,201301050000
35515,2.81,201301050000
35665,0.81,201301050000
35675,1.17,201301050000
35683,0.62,201301050000
35686,1.46,201301050000
35700,0.91,201301050000
35745,1.29,201301050000
35755,2.9,201301050000
35769,2.99,201301050000
35916,2.33,201301050000
35917,1.04,201301050000
35918,1.7,201301050000
35919,1.77,201301050000
35921,2.52,201301050000
35929,2.26,201301050000
35931,0.72,201301050000
35941,1.14,201301050000
35944,2.47,201301050000
35971,2.46,201301050000
35981,1.62,201301050000
35992,1.08,201301050000
35994,1.5,201301050000
36067,2.06,201301050000
36162,2.08,201301050000
36167,2.89,201301050000
36169,1.74,201301050000
36170,1.26,201301050000
36173,2.36,201301050000
36176,0.53,201301050000
36177,1.59,201301050000
36205,2.73,201301050000
36237,0.55,201301050000
36245,2.5,201301050000
36246,2.91,201301050000
36293,1.16,201301050000
36311,2.36,201301050000
36417,0.92,201301050000
36420,2.4,201301050000
36421,0.99,201301050000
36441,2.52,201301050000
36448,0.84,201301050000
36494,2.92,201301050000
36498,2.25,201301050000
36502,0.97,201301050000
36510,2.99,201301050000
36513,1.96,201301050000
36519,0.72,201301050000
36524,1.98,201301050000
36576,1.84,201301050000
36668,1.12,201301050000
36673,2.03,201301050000
36675,2.03,201301050000
36677,1.26,201301050000
36679,2.18,201301050000
36682,0.83,201301050000
36688,1.59,201301050000
36690,0.86,201301050000
36711,2.03,201301050000
36717,0.76,201301050000
36758,2.2,201301050000
36889,2.03,201301050000
36915,2.58,201301050000
36918,1.48,201301050000
36933,2.93,201301050000
36934,1.84,201301050000
36953,2.84,201301050000
36959,0.61,201301050000
36996,1.57,201301050000
36999,1.05,201301050000
37001,2.82,201301050000
37167,0.59,201301050000
37168,0.65,201301050000
37169,2.01,201301050000
37172,0.97,201301050000
37176,0.69,201301050000
37178,2.54,201301050000
37179,0.62,201301050000
37182,1.91,201301050000
37192,1.69,201301050000
37200,0.66,201301050000
37206,2.08,201301050000
37232,1.65,201301050000
37239,1.08,201301050000
37270,2.74,201301050000
37298,1.5,201301050000
37304,2.03,201301050000
37419,1.27,201301050000
37421,2.21,201301050000
37423,1.8,201301050000
37425,1.39,201301050000
37446,1.67,201301050000
37454,2.85,201301050000
37477,1.1,201301050000
37487,0.96,201301050000
37501,1.96,201301050000
37503,1.66,201301050000
37513,1.38,201301050000
37523,1.24,201301050000
37562,1.46,201301050000
37609,2.66,201301050000
37642,2.3,201301050000
37643,1.07,201301050000
37670,1.83,201301050000
37671,0.84,201301050000
37672,0.84,201301050000
37676,1.16,201301050000
37688,1.53,201301050000
37689,1.67,201301050000
37690,1.62,201301050000
37695,2.59,201301050000
37701,1.47,201301050000
37710,0.54,201301050000
37711,2.36,201301050000
37754,2.85,201301050000
37874,1.4,201301050000
37891,0.95,201301050000
37893,2.68,201301050000
37894,1.5,201301050000
37926,1.35,201301050000
37928,0.8,201301050000
37929,1.89,201301050000
37932,1.02,201301050000
37936,0.54,201301050000
37943,1.58,201301050000
37952,1.12,201301050000
37962,2.8,201301050000
37968,1.84,201301050000
38003,2.89,201301050000
38060,1.73,201301050000
38145,2.47,201301050000
38172,0.93,201301050000
38173,2.82,201301050000
38178,1.25,201301050000
38200,0.66,201301050000
38204,2.98,201301050000
38209,2.33,201301050000
38215,1.93,201301050000
38220,2.69,201301050000
38225,2.72,201301050000
38228,1.61,201301050000
38230,2.57,201301050000
38243,1.02,201301050000
38247,1.28,201301050000
38255,3.0,201301050000
38263,1.08,201301050000
38268,1.41,201301050000
38272,1.49,201301050000
38367,1.26,201301050000
38381,0.93,201301050000
38423,1.56,201301050000
38425,0.95,201301050000
38426,2.92,201301050000
38431,1.82,201301050000
38440,2.98,201301050000
38479,2.53,201301050000
38481,1.33,201301050000
38483,1.38,201301050000
38488,2.97,201301050000
38490,2.09,201301050000
38498,1.41,201301050000
38499,0.73,201301050000
38500,0.73,201301050000
38505,1.38,201301050000
38506,2.99,201301050000
38508,2.23,201301050000
38517,1.7,201301050000
38534,0.89,201301050000
38648,1.65,201301050000
38674,0.91,201301050000
38676,2.53,201301050000
38679,1.11,201301050000
38684,2.53,201301050000
38693,1.07,201301050000
38697,1.66,201301050000
38716,1.49,201301050000
38722,1.4,201301050000
38736,1.2,201301050000
38738,0.73,201301050000
38752,1.32,201301050000
38753,0.97,201301050000
38758,2.82,201301050000
38760,2.75,201301050000
38761,2.37,201301050000
38762,1.74,201301050000
38766,1.46,201301050000
38769,0.71,201301050000
38778,1.46,201301050000
38812,1.53,201301050000
38939,2.18,201301050000
38953,1.69,201301050000
38958,1.23,201301050000
38967,0.76,201301050000
39006,2.38,201301050000
39008,2.71,201301050000
39010,2.93,201301050000
39011,0.98,201301050000
39017,0.82,201301050000
39113,2.7,201301050000
39148,1.27,201301050000
39149,2.53,201301050000
39176,2.22,201301050000
39178,1.23,201301050000
39191,2.85,201301050000
39201,0.62,201301050000
39230,1.71,201301050000
39236,1.24,201301050000
39246,1.44,201301050000
39252,2.57,201301050000
39255,1.01,201301050000
39260,1.4,201301050000
39262,0.56,201301050000
39263,1.35,201301050000
39268,1.53,201301050000
39269,2.83,201301050000
39271,2.83,201301050000
39274,2.05,201301050000
39275,2.6,201301050000
39375,2.12,201301050000
39391,1.07,201301050000
39427,1.73,201301050000
39428,0.66,201301050000
39430,2.17,201301050000
39433,2.27,201301050000
39446,2.56,201301050000
39457,2.14,201301050000
39514,2.65,201301050000
39515,1.54,201301050000
39516,0.94,201301050000
39517,1.53,201301050000
39535,1.05,201301050000
39554,1.5,201301050000
39559,1.29,201301050000
39631,0.66,201301050000
39632,1.77,201301050000
39633,2.71,201301050000
39652,1.59,201301050000
39683,2.23,201301050000
39687,2.47,201301050000
39706,2.8,201301050000
39710,2.67,201301050000
39722,0.95,201301050000
39731,2.24,201301050000
39750,2.45,201301050000
39755,0.75,201301050000
39759,1.25,201301050000
39762,1.89,201301050000
39764,1.32,201301050000
39765,2.68,201301050000
39766,0.66,201301050000
39767,1.41,201301050000
39769,1.33,201301050000
39772,2.63,201301050000
39776,1.77,201301050000
39777,0.82,201301050000
39790,1.27,201301050000
39791,1.29,201301050000
39796,1.19,201301050000
39832,1.58,201301050000
39883,1.96,201301050000
39930,1.62,201301050000
39932,2.28,201301050000
39941,2.67,201301050000
39948,1.53,201301050000
39969,0.66,201301050000
40018,2.92,201301050000
40031,0.9,201301050000
40133,2.69,201301050000
40180,1.88,201301050000
40188,2.78,201301050000
40196,1.73,201301050000
40242,2.79,201301050000
40246,0.6,201301050000
40259,1.11,201301050000
40264,2.63,201301050000
40267,1.87,201301050000
40268,1.02,201301050000
40270,1.48,201301050000
40276,2.39,201301050000
40286,2.76,201301050000
40295,1.57,201301050000
40431,1.79,201301050000
40432,2.77,201301050000
40442,0.5,201301050000
40447,2.52,201301050000
40448,1.83,201301050000
40451,0.54,201301050000
40457,2.85,201301050000
40500,2.71,201301050000
40512,2.87,201301050000
40518,0.51,201301050000
40519,1.5,201301050000
40522,0.72,201301050000
40524,1.88,201301050000
40525,2.14,201301050000
40532,2.55,201301050000
40560,2.09,201301050000
40566,2.05,201301050000
40633,1.63,201301050000
40687,1.79,201301050000
40713,2.93,201301050000
40719,2.27,201301050000
40732,1.09,201301050000
40733,2.98,201301050000
40766,1.93,201301050000
40810,2.58,201301050000
40894,0.87,201301050000
40933,2.28,201301050000
40936,2.99,201301050000
40939,0.83,201301050000
40954,0.89,201301050000
40982,2.11,201301050000
41021,1.29,201301050000
41024,2.59,201301050000
41061,1.42,201301050000
41145,2.13,201301050000
41157,0.76,201301050000
41183,1.0,201301050000
41200,1.74,201301050000
41262,0.93,201301050000
41265,1.12,201301050000
41270,1.21,201301050000
41277,1.69,201301050000
41318,0.81,201301050000
41401,2.81,201301050000
41407,1.86,201301050000
41437,1.22,201301050000
41459,1.26,201301050000
41465,2.15,201301050000
41469,2.37,201301050000
41508,0.61,201301050000
41520,0.61,201301050000
41522,1.29,201301050000
41526,2.73,201301050000
41532,2.94,201301050000
41558,0.66,201301050000
41635,0.74,201301050000
41653,2.49,201301050000
41658,2.67,201301050000
41692,1.91,201301050000
41696,2.14,201301050000
41764,1.69,201301050000
41772,0.63,201301050000
41893,2.67,201301050000
41904,1.23,201301050000
41905,2.21,201301050000
41936,1.78,201301050000
41941,2.67,201301050000
41958,0.51,201301050000
41990,1.53,201301050000
42023,2.81,201301050000
42026,0.91,201301050000
42029,2.87,201301050000
42074,1.19,201301050000
42085,0.72,201301050000
42095,2.93,201301050000
42147,2.64,201301050000
42160,1.41,201301050000
42200,0.96,201301050000
42213,2.8,201301050000
42267,2.37,201301050000
42271,2.64,201301050000
42274,1.12,201301050000
42283,2.34,201301050000
42291,1.6,201301050000
42342,0.57,201301050000
42411,0.74,201301050000
42438,1.04,201301050000
42454,2.79,201301050000
42471,2.55,201301050000
42478,0.96,201301050000
42487,1.28,201301050000
42503,2.05,201301050000
42514,0.92,201301050000
42521,1.45,201301050000
42533,0.71,201301050000
42644,1.56,201301050000
42661,2.22,201301050000
42695,2.66,201301050000
42744,2.55,201301050000
42750,1.01,201301050000
42846,2.06,201301050000
42905,1.99,201301050000
42912,1.75,201301050000
42939,1.6,201301050000
42940,2.85,201301050000
42944,1.0,201301050000
42949,1.25,201301050000
43011,2.59,201301050000
43021,2.48,201301050000
43030,2.86,201301050000
43151,0.72,201301050000
43160,1.95,201301050000
43162,0.56,201301050000
43213,2.96,201301050000
43220,1.91,201301050000
43261,0.56,201301050000
43412,2.56,201301050000
43413,0.65,201301050000
43440,2.55,201301050000
43443,2.64,201301050000
43449,0.84,201301050000
43483,1.11,201301050000
43484,2.28,201301050000
43494,2.2,201301050000
43518,2.48,201301050000
43523,0.82,201301050000
43526,0.53,201301050000
43530,2.49,201301050000
43571,2.88,201301050000
43642,2.9,201301050000
43662,2.24,201301050000
43738,1.45,201301050000
43760,1.92,201301050000
43779,1.57,201301050000
43914,1.17,201301050000
43957,0.53,201301050000
43980,0.93,201301050000
43984,2.08,201301050000
43992,1.28,201301050000
43995,1.29,201301050000
44002,2.97,201301050000
44039,1.49,201301050000
44194,1.55,201301050000
44197,1.51,201301050000
44204,0.82,201301050000
44215,1.42,201301050000
44226,2.93,201301050000
44247,2.08,201301050000
44255,1.9,201301050000
44282,1.75,201301050000
44284,0.74,201301050000
44356,0.74,201301050000
44470,2.67,201301050000
44486,2.72,201301050000
44503,1.99,201301050000
44504,1.93,201301050000
44510,2.55,201301050000
44517,0.75,201301050000
44534,1.0,201301050000
44578,2.65,201301050000
44666,1.1,201301050000
44694,0.81,201301050000
44697,0.95,201301050000
44716,1.66,201301050000
44724,2.1,201301050000
44743,2.64,201301050000
44755,1.38,201301050000
44756,2.62,201301050000
44757,2.8,201301050000
44758,1.78,201301050000
44786,2.25,201301050000
44787,1.79,201301050000
44911,1.87,201301050000
44963,2.29,201301050000
45005,0.63,201301050000
45006,1.51,201301050000
45007,2.84,201301050000
45008,2.22,201301050000
45039,1.86,201301050000
45114,0.76,201301050000
45168,1.93,201301050000
45200,0.61,201301050000
45203,2.88,201301050000
45208,2.07,201301050000
45237,0.5,201301050000
45254,1.57,201301050000
45256,0.65,201301050000
45258,1.29,201301050000
45261,1.92,201301050000
45265,2.92,201301050000
45266,0.62,201301050000
45401,2.03,201301050000
45479,2.77,201301050000
45502,1.03,201301050000
45507,1.23,201301050000
45509,2.39,201301050000
45526,2.07,201301050000
45538,1.31,201301050000
45582,1.2,201301050000
45661,1.56,201301050000
45701,1.6,201301050000
45703,0.7,201301050000
45716,0.81,201301050000
45720,0.51,201301050000
45725,0.77,201301050000
45735,0.63,201301050000
45747,2.03,201301050000
45766,0.96,201301050000
45793,2.09,201301050000
45795,2.2,201301050000
45919,2.31,201301050000
45948,2.84,201301050000
46008,2.87,201301050000
46036,1.07,201301050000
46041,1.58,201301050000
46052,1.82,201301050000
46074,2.18,201301050000
46145,2.99,201301050000
46202,0.59,201301050000
46209,2.65,201301050000
46242,2.62,201301050000
46265,1.05,201301050000
46372,1.09,201301050000
46384,1.9,201301050000
46455,1.31,201301050000
46508,2.04,201301050000
46523,1.81,201301050000
46538,2.68,201301050000
46565,1.0,201301050000
46574,0.68,201301050000
46626,1.99,201301050000
46700,0.92,201301050000
46738,1.41,201301050000
46770,2.7,201301050000
46778,2.53,201301050000
46787,2.19,201301050000
46803,2.4,201301050000
46954,1.08,201301050000
46964,2.63,201301050000
46972,2.35,201301050000
46976,2.91,201301050000
46981,1.3,201301050000
47011,0.81,201301050000
47015,2.44,201301050000
47047,1.52,201301050000
47253,0.62,201301050000
47288,2.77,201301050000
47295,0.8,201301050000
47342,2.82,201301050000
47454,2.57,201301050000
47535,2.56,201301050000
47543,1.13,201301050000
47705,1.16,201301050000
47709,0.7,201301050000
47711,1.48,201301050000
47758,1.43,201301050000
47806,2.47,201301050000
47889,0.83,201301050000
47926,2.27,201301050000
47968,1.48,201301050000
47972,1.88,201301050000
47977,1.27,201301050000
47982,2.27,201301050000
48032,1.1,201301050000
48209,1.59,201301050000
48239,1.61,201301050000
48244,1.05,201301050000
48278,2.23,201301050000
48420,0.61,201301050000
48427,2.35,201301050000
48499,0.52,201301050000
48503,2.78,201301050000
48552,2.9,201301050000
48584,2.52,201301050000
48713,2.64,201301050000
48759,0.58,201301050000
48848,1.93,201301050000
48898,1.45,201301050000
49017,0.67,201301050000
49049,1.01,201301050000
49229,1.94,201301050000
49241,0.71,201301050000
49472,1.83,201301050000
49483,1.46,201301050000
49542,2.44,201301050000
49555,2.89,201301050000
49679,0.54,201301050000
49750,2.21,201301050000
49760,2.28,201301050000
49777,2.67,201301050000
49968,2.33,201301050000
50053,2.26,201301050000
50103,1.77,201301050000
50180,1.49,201301050000
50285,2.31,201301050000
50430,1.0,201301050000
50470,2.73,201301050000
50494,1.63,201301050000
50511,2.35,201301050000
50549,2.72,201301050000
50680,0.96,201301050000
50682,0.85,201301050000
50731,1.22,201301050000
50812,1.8,201301050000
50872,2.04,201301050000
51029,1.6,201301050000
51046,2.98,201301050000
51053,0.81,201301050000
51056,2.2,201301050000
51162,0.8,201301050000
51177,1.73,201301050000
51182,1.43,201301050000
51228,1.93,201301050000
51258,2.75,201301050000
51430,1.56,201301050000
51431,2.36,201301050000
51432,2.13,201301050000
51520,0.88,201301050000
51681,1.94,201301050000
51682,2.19,201301050000
51725,0.87,201301050000
51790,1.29,201301050000
51832,2.2,201301050000
51857,0.78,201301050000
51931,1.7,201301050000
51932,1.09,201301050000
51986,2.53,201301050000
52003,2.08,201301050000
52182,1.67,201301050000
52244,2.46,201301050000
52259,1.42,201301050000
52280,0.66,201301050000
52319,2.7,201301050000
52473,2.31,201301050000
52518,0.56,201301050000
52631,2.08,201301050000
52679,0.84,201301050000
52729,1.39,201301050000
52811,0.7,201301050000
52983,0.68,201301050000
52988,2.09,201301050000
52993,1.23,201301050000
53000,2.79,201301050000
53016,2.39,201301050000
53027,2.53,201301050000
53072,1.75,201301050000
53090,1.1,201301050000
53177,2.01,201301050000
53178,1.5,201301050000
53381,2.18,201301050000
53427,0.5,201301050000
53429,2.08,201301050000
53761,2.01,201301050000
53774,2.9,201301050000
53797,1.04,201301050000
53810,1.39,201301050000
53822,1.72,201301050000
53864,2.93,201301050000
53927,1.79,201301050000
54038,2.65,201301050000
54071,1.72,201301050000
54234,1.17,201301050000
54281,1.45,201301050000
54284,2.12,201301050000
54327,2.37,201301050000
54334,1.75,201301050000
54349,2.92,201301050000
54427,2.87,201301050000
54503,1.92,201301050000
54510,1.58,201301050000
54520,1.83,201301050000
54550,0.55,201301050000
54578,1.36,201301050000
54678,0.8,201301050000
54828,1.04,201301050000
54983,2.3,201301050000
54996,2.77,201301050000
55070,2.31,201301050000
55329,2.35,201301050000
55331,2.72,201301050000
55535,2.97,201301050000
55633,1.92,201301050000
55680,2.58,201301050000
55761,1.85,201301050000
55831,0.56,201301050000
55832,1.24,201301050000
55838,2.05,201301050000
55845,2.01,201301050000
56106,2.37,201301050000
56493,2.88,201301050000
56571,1.0,201301050000
56586,1.81,201301050000
56587,1.0,201301050000
56591,2.96,201301050000
56738,2.69,201301050000
56835,0.5,201301050000
56882,1.98,201301050000
56887,1.61,201301050000
56888,0.81,201301050000
56933,1.71,201301050000
56934,2.14,201301050000
57042,1.31,201301050000
57062,2.47,201301050000
57189,2.61,201301050000
57261,2.57,201301050000
57329,1.65,201301050000
57342,2.96,201301050000
57376,2.68,201301050000
57378,2.73,201301050000
57380,2.57,201301050000
57397,1.86,201301050000
57440,0.68,201301050000
57495,2.37,201301050000
57523,0.85,201301050000
57555,1.98,201301050000
57597,2.27,201301050000
57613,2.45,201301050000
57615,2.13,201301050000
57628,2.46,201301050000
57631,0.52,201301050000
57823,2.59,201301050000
57837,1.2,201301050000
57851,2.79,201301050000
57852,2.61,201301050000
57906,2.03,201301050000
58179,2.23,201301050000
58251,2.62,201301050000
58421,0.68,201301050000
58511,1.61,201301050000
58632,1.97,201301050000
58744,2.55,201301050000
58802,2.82,201301050000
58814,2.04,201301050000
58879,2.42,201301050000
58892,1.69,201301050000
59010,1.82,201301050000
59043,2.45,201301050000
59104,1.24,201301050000
59125,2.22,201301050000
59134,2.51,201301050000
59285,0.74,201301050000
59329,1.82,201301050000
59555,2.73,201301050000
59635,1.47,201301050000
59745,2.89,201301050000
59927,1.49,201301050000
59941,1.9,201301050000
60008,1.86,201301050000
60011,0.83,201301050000
60114,2.46,201301050000
60141,1.92,201301050000
60147,1.8,201301050000
60331,2.64,201301050000
60344,0.63,201301050000
60350,2.79,201301050000
60578,2.87,201301050000
60593,1.78,201301050000
60613,2.14,201301050000
60630,2.45,201301050000
60635,2.69,201301050000
60649,1.16,201301050000
60750,2.68,201301050000
60774,1.25,201301050000
60819,1.36,201301050000
60880,2.9,201301050000
60888,2.4,201301050000
61062,1.92,201301050000
61110,2.95,201301050000
61263,0.54,201301050000
61343,1.7,201301050000
61591,1.07,201301050000
61597,1.02,201301050000
61654,2.86,201301050000
61818,0.74,201301050000
62077,2.03,201301050000
62104,2.21,201301050000
62135,1.64,201301050000
62140,1.37,201301050000
62252,1.48,201301050000
62558,0.5,201301050000
62589,1.44,201301050000
62757,1.62,201301050000
62772,1.03,201301050000
62850,0.58,201301050000
62926,2.47,201301050000
62948,1.48,201301050000
63044,0.64,201301050000
63153,0.86,201301050000
63383,1.5,201301050000
63397,1.62,201301050000
63398,0.67,201301050000
63407,1.88,201301050000
63574,2.62,201301050000
63586,0.59,201301050000
63816,1.6,201301050000
64102,2.24,201301050000
64150,1.68,201301050000
64200,2.11,201301050000
64515,2.35,201301050000
64529,1.78,201301050000
64573,1.19,201301050000
64581,2.15,201301050000
64815,0.86,201301050000
64915,1.75,201301050000
65059,0.61,201301050000
65144,0.68,201301050000
65320,2.53,201301050000
65375,2.89,201301050000
65454,1.77,201301050000
65528,0.95,201301050000
65607,2.53,201301050000
65774,1.4,201301050000
65838,0.9,201301050000
66068,1.42,201301050000
66084,1.8,201301050000
66151,0.82,201301050000
66353,1.55,201301050000
66538,1.64,201301050000
66575,2.07,201301050000
66637,1.69,201301050000
66827,2.14,201301050000
66870,1.36,201301050000
67110,2.76,201301050000
67207,0.95,201301050000
67335,2.38,201301050000
67385,2.21,201301050000
67599,2.54,201301050000
67601,0.56,201301050000
67602,2.62,201301050000
67698,1.29,201301050000
67824,0.7,201301050000
67842,1.75,201301050000
67854,1.89,201301050000
67855,2.74,201301050000
67918,2.74,201301050000
68103,0.96,201301050000
68104,1.87,201301050000
68110,1.84,201301050000
68111,2.54,201301050000
68349,2.94,201301050000
68354,1.22,201301050000
68356,1.97,201301050000
68454,1.36,201301050000
68455,1.11,201301050000
68587,2.58,201301050000
68857,2.63,201301050000
68858,0.65,201301050000
68897,1.08,201301050000
68924,0.94,201301050000
68930,1.77,201301050000
69106,1.78,201301050000
69190,1.94,201301050000
69206,2.18,201301050000
69359,2.17,201301050000
69371,1.14,201301050000
69455,1.55,201301050000
69582,2.34,201301050000
69613,1.04,201301050000
69676,1.04,201301050000
70115,2.55,201301050000
70132,2.22,201301050000
70181,0.83,201301050000
70342,1.27,201301050000
70352,1.9,201301050000
70360,2.95,201301050000
70374,2.83,201301050000
70440,0.92,201301050000
70462,1.84,201301050000
70619,1.2,201301050000
70659,2.39,201301050000
70715,1.3,201301050000
70903,1.23,201301050000
70934,0.55,201301050000
70961,2.45,201301050000
71122,0.52,201301050000
71187,1.99,201301050000
71399,1.44,201301050000
71601,1.18,201301050000
71629,1.28,201301050000
71888,1.48,201301050000
71961,0.82,201301050000
71964,1.15,201301050000
72201,1.13,201301050000
72218,0.52,201301050000
72345,1.07,201301050000
72367,1.23,201301050000
72407,1.16,201301050000
72416,2.86,201301050000
72706,2.53,201301050000
72894,1.27,201301050000
73104,2.43,201301050000
73135,1.66,201301050000
73211,2.66,201301050000
73223,2.5,201301050000
73451,1.79,201301050000
73460,1.33,201301050000
73461,1.35,201301050000
73557,2.91,201301050000
73669,2.81,201301050000
74158,1.18,201301050000
74216,2.63,201301050000
74388,2.69,201301050000
74396,1.53,201301050000
74466,0.8,201301050000
74467,1.08,201301050000
74638,2.69,201301050000
74677,2.44,201301050000
74678,2.09,201301050000
74711,0.62,201301050000
74721,0.57,201301050000
74962,1.29,201301050000
74968,1.62,201301050000
74973,0.82,201301050000
75224,2.1,201301050000
75329,0.72,201301050000
75386,2.6,201301050000
75424,2.7,201301050000
75436,2.03,201301050000
75475,1.43,201301050000
75619,2.22,201301050000
75721,2.1,201301050000
75722,1.16,201301050000
75724,0.85,201301050000
75725,1.02,201301050000
75726,1.33,201301050000
75727,1.85,201301050000
75974,1.1,201301050000
75975,2.3,201301050000
76133,1.17,201301050000
76227,2.62,201301050000
76393,1.98,201301050000
76473,1.04,201301050000
76477,1.71,201301050000
76654,1.23,201301050000
76728,2.85,201301050000
76959,0.92,201301050000
77169,2.97,201301050000
77230,0.66,201301050000
77381,0.92,201301050000
77458,2.25,201301050000
77641,2.86,201301050000
77942,2.0,201301050000
77981,0.83,201301050000
78205,2.12,201301050000
78418,1.56,201301050000
78654,1.39,201301050000
78733,1.76,201301050000
78881,1.54,201301050000
78896,2.49,201301050000
78909,1.29,201301050000
78983,1.25,201301050000
79234,2.34,201301050000
79379,0.55,201301050000
79394,1.06,201301050000
79484,1.0,201301050000
79712,1.92,201301050000
79911,2.56,201301050000
79915,0.51,201301050000
80160,2.57,201301050000
80161,1.54,201301050000
80193,1.32,201301050000
80352,2.41,201301050000
80397,1.67,201301050000
80406,1.29,201301050000
80411,1.8,201301050000
80412,2.86,201301050000
80413,1.93,201301050000
80420,2.46,201301050000
80485,1.29,201301050000
80635,2.18,201301050000
80659,1.11,201301050000
80663,2.44,201301050000
80664,0.57,201301050000
80703,0.63,201301050000
80877,2.69,201301050000
80916,1.07,201301050000
81163,0.68,201301050000
81164,0.74,201301050000
81354,2.33,201301050000
81363,2.25,201301050000
81390,1.57,201301050000
81625,2.38,201301050000
81651,2.69,201301050000
81899,0.59,201301050000
82135,1.04,201301050000
82168,2.84,201301050000
82169,0.93,201301050000
82237,2.61,201301050000
82613,2.82,201301050000
82622,2.12,201301050000
82664,0.93,201301050000
82892,1.01,201301050000
82951,2.25,201301050000
83410,0.74,201301050000
83489,2.83,201301050000
83735,2.65,201301050000
83865,1.16,201301050000
84123,2.7,201301050000
84179,1.16,201301050000
84207,1.84,201301050000
84212,0.66,201301050000
84221,2.81,201301050000
84366,1.22,201301050000
84689,0.54,201301050000
84712,2.54,201301050000
84902,2.31,201301050000
85474,1.73,201301050000
85487,2.31,201301050000
85620,2.83,201301050000
85705,1.46,201301050000
85715,2.71,201301050000
85738,2.1,201301050000
86440,1.7,201301050000
86622,2.79,201301050000
86623,1.17,201301050000
86672,1.6,201301050000
86873,2.44,201301050000
86895,1.57,201301050000
87121,2.0,201301050000
87227,1.85,201301050000
87460,0.89,201301050000
87690,1.54,201301050000
87873,2.92,201301050000
88242,2.62,201301050000
88463,2.42,201301050000
89120,1.15,201301050000
89152,1.27,201301050000
89175,2.2,201301050000
89198,0.81,201301050000
89615,1.34,201301050000
89625,1.29,201301050000
90116,2.06,201301050000
90183,0.87,201301050000
90497,1.63,201301050000
90699,1.08,201301050000
90719,0.62,201301050000
91200,0.85,201301050000
91432,0.77,201301050000
91434,1.82,201301050000
91684,1.01,201301050000
91713,1.3,201301050000
91744,0.85,201301050000
92233,1.14,201301050000
93205,1.47,201301050000
93244,1.11,201301050000
93252,1.35,201301050000
93463,1.11,201301050000
93675,0.82,201301050000
93944,1.21,201301050000
94431,2.46,201301050000
94710,2.64,201301050000
94755,0.91,201301050000
94997,2.5,201301050000
95000,1.57,201301050000
95707,0.7,201301050000
95949,1.1,201301050000
95998,1.12,201301050000
96188,2.36,201301050000
96225,1.57,201301050000
96249,1.65,201301050000
96468,1.06,201301050000
96486,0.73,201301050000
96718,1.25,201301050000
96972,2.9,201301050000
96995,1.77,201301050000
97251,2.81,201301050000
97440,2.66,201301050000
97471,2.48,201301050000
97969,1.03,201301050000
97990,1.61,201301050000
98224,1.18,201301050000
98229,1.88,201301050000
98450,1.79,201301050000
98475,0.79,201301050000
98739,2.97,201301050000
99256,1.82,201301050000
99468,2.79,201301050000
99730,2.62,201301050000
101215,0.59,201301050000
101911,1.68,201301050000
101912,1.54,201301050000
101989,1.6,201301050000
102999,1.17,201301050000
103242,0.91,201301050000
103431,1.1,201301050000
104177,1.4,201301050000
104221,1.04,201301050000
104239,0.76,201301050000
104701,2.2,201301050000
104984,1.05,201301050000
105196,2.59,201301050000
105219,2.14,201301050000
105460,1.99,201301050000
105461,1.36,201301050000
105481,2.49,201301050000
105489,1.49,201301050000
105709,1.01,201301050000
105710,0.9,201301050000
105711,1.49,201301050000
105712,0.68,201301050000
105713,1.18,201301050000
105715,2.9,201301050000
105726,0.61,201301050000
105727,1.84,201301050000
105736,0.73,201301050000
105960,1.41,201301050000
105961,2.11,201301050000
105962,2.54,201301050000
105963,1.72,201301050000
105964,1.95,201301050000
105975,1.88,201301050000
106195,2.55,201301050000
106213,1.61,201301050000
106214,1.07,201301050000
106215,1.85,201301050000
106221,1.71,201301050000
106231,0.55,201301050000
106232,1.86,201301050000
106234,0.9,201301050000
106235,1.2,201301050000
106237,1.47,201301050000
106446,0.72,201301050000
106447,1.61,201301050000
106462,1.87,201301050000
106463,1.26,201301050000
106465,1.41,201301050000
106466,2.12,201301050000
106467,1.58,201301050000
106480,2.69,201301050000
106712,0.66,201301050000
106717,1.15,201301050000
106718,1.15,201301050000
106741,2.0,201301050000
106958,0.62,201301050000
106964,2.92,201301050000
106965,2.16,201301050000
106966,1.46,201301050000
106967,1.73,201301050000
106971,0.92,201301050000
106983,2.1,201301050000
106997,0.97,201301050000
107200,2.56,201301050000
107212,2.94,201301050000
107219,1.76,201301050000
107240,2.75,201301050000
107460,1.91,201301050000
107465,1.52,201301050000
107466,0.72,201301050000
107468,0.93,201301050000
107491,1.35,201301050000
107711,2.54,201301050000
107725,0.67,201301050000
107726,2.21,201301050000
107954,1.99,201301050000
107966,2.26,201301050000
107971,1.52,201301050000
107979,0.74,201301050000
107993,1.69,201301050000
108205,2.9,201301050000
108211,1.67,201301050000
108214,1.1,201301050000
108215,2.12,201301050000
108217,2.57,201301050000
108219,2.1,201301050000
108220,2.48,201301050000
108222,1.22,201301050000
108225,1.73,201301050000
108230,1.32,201301050000
108454,0.61,201301050000
108463,1.59,201301050000
108499,2.68,201301050000
108717,1.42,201301050000
108722,1.56,201301050000
108724,1.4,201301050000
108733,1.09,201301050000
108968,0.96,201301050000
108975,2.35,201301050000
108984,2.45,201301050000
108985,2.74,201301050000
109216,1.51,201301050000
109219,1.72,201301050000
109222,1.86,201301050000
109227,2.35,201301050000
109231,0.98,201301050000
109236,1.52,201301050000
109245,2.07,201301050000
109473,0.92,201301050000
109487,2.06,201301050000
109494,2.97,201301050000
109495,2.0,201301050000
109496,1.65,201301050000
109497,1.14,201301050000
109742,1.11,201301050000
109744,2.22,201301050000
109748,2.37,201301050000
109750,2.89,201301050000
109980,0.7,201301050000
109991,1.39,201301050000
109994,0.88,201301050000
109998,2.12,201301050000
110001,1.21,201301050000
110243,0.73,201301050000
110247,1.06,201301050000
110249,1.27,201301050000
110251,1.97,201301050000
110253,0.97,201301050000
110254,1.36,201301050000
