"moh_id","moh",1,2,3,4,5,6,7,8,9,10,11,12,13,14,15,16,17,18,19,20,21,22,23,24,25,26,27,28,29,30,31,32,33,34,35,36,37,38,39,40,41,42,43,44,45,46,47,48,49,50,51,52,53
259,"Addalaiche",0,0,0,0,3,0,2,1,1,4,1,3,0,0,3,2,1,0,1,2,1,0,1,0,0,0,1,0,0,2,0,0,0,0,0,0,0,1,0,1,0,0,0,0,0,0,0,0,0,0,0,0,31
29,"Agalawatta",0,1,0,0,2,2,1,2,1,1,1,1,1,0,2,1,2,0,3,3,0,4,2,0,2,1,2,1,1,1,0,0,1,3,1,1,1,2,0,0,1,0,0,0,0,1,0,0,1,2,1,2,55
45,"Akkaraipattu",1,3,1,2,2,0,11,2,2,9,6,8,4,2,7,2,0,2,1,2,0,0,1,0,0,0,0,1,0,0,0,0,0,0,0,0,0,0,0,0,0,0,0,0,0,0,1,0,0,0,0,0,70
183,"Akmeemana",0,0,0,0,1,0,0,0,2,0,1,3,1,0,0,0,2,0,0,0,1,0,1,3,3,0,0,1,1,1,2,3,1,0,0,0,0,5,0,2,0,1,0,0,0,0,1,2,0,0,1,6,45
226,"Akurana",4,2,0,5,0,0,6,1,0,3,1,1,1,0,0,1,0,0,0,0,1,1,1,3,0,2,2,1,1,1,1,3,3,1,0,1,0,0,0,0,0,1,1,0,0,1,0,1,0,0,4,0,55
77,"Akuressa",1,2,2,0,1,0,4,1,1,1,0,0,2,1,0,1,2,0,0,1,1,0,0,0,0,0,0,1,0,0,2,1,0,0,0,0,1,0,1,1,1,0,1,0,2,0,1,0,3,0,1,1,38
44,"Alaiyadivembu",1,0,0,1,1,0,1,0,1,0,1,0,0,2,0,1,0,0,0,0,0,0,0,0,0,0,0,0,0,0,0,0,0,0,0,0,0,0,0,0,0,0,0,0,0,0,0,0,0,0,0,0,9
213,"Alawwa",5,1,4,4,7,3,8,5,3,4,4,1,1,2,6,3,3,2,3,0,4,4,2,3,3,4,4,2,4,1,1,1,1,2,0,0,2,0,0,2,1,1,2,0,0,3,2,2,1,0,1,0,122
90,"Ambagamuwa",0,0,0,2,3,2,0,1,3,1,0,0,2,0,1,0,0,2,0,4,0,0,0,0,0,1,0,0,1,0,1,4,0,0,2,0,0,0,1,1,1,0,0,0,2,0,2,1,4,0,2,0,44
14,"Ambalangoda",4,2,6,0,2,1,1,1,8,5,2,8,3,1,4,0,1,1,3,0,3,0,1,0,0,0,0,1,0,2,2,3,0,0,0,0,1,0,1,2,0,0,2,0,0,1,0,0,0,1,3,0,76
79,"Ambalantota",2,0,1,1,0,0,2,2,3,1,1,2,0,1,0,1,2,1,0,1,0,0,0,1,0,2,0,1,0,0,1,3,2,0,1,1,2,0,0,3,0,0,2,0,0,1,0,0,0,0,0,0,41
132,"Ambanganga",0,0,0,0,1,0,0,0,0,0,1,3,0,0,0,0,0,0,0,0,0,0,0,3,0,0,0,0,0,1,0,0,0,0,0,1,0,0,0,2,0,0,0,0,0,0,1,0,0,0,0,1,14
224,"Ambanpola",1,1,1,0,6,0,0,3,1,1,2,0,1,0,0,0,1,0,0,1,0,1,0,1,1,1,0,1,0,0,3,2,0,0,0,0,1,0,0,0,0,0,0,0,0,0,0,0,0,0,0,0,30
51,"Ampara",1,0,0,0,1,2,1,2,1,3,1,0,3,0,1,1,1,0,0,1,2,2,0,2,1,2,3,0,4,0,2,0,0,3,0,1,2,1,2,3,0,0,0,1,4,1,0,0,1,1,5,5,67
228,"Anamaduwa",1,2,2,3,2,0,1,2,1,0,2,0,0,1,0,1,0,0,1,0,0,1,1,0,0,1,0,0,1,0,1,0,0,0,0,0,0,0,2,0,2,0,1,0,0,0,2,0,0,0,0,1,32
159,"Angunakolapalessa",1,0,2,0,1,0,1,0,1,2,2,0,0,2,1,1,1,1,4,0,0,0,0,2,0,0,1,0,1,2,1,1,3,0,0,0,2,0,0,1,1,0,3,0,0,0,0,0,0,1,0,0,39
61,"Anuradhapu",3,12,4,1,4,4,3,8,9,7,3,9,2,2,3,0,5,3,1,0,3,0,1,0,0,1,2,0,0,1,0,1,1,0,1,2,0,0,0,2,0,1,1,1,1,0,0,0,0,0,1,5,108
255,"Arachchikattuwa",0,3,5,0,2,2,2,6,2,0,1,0,0,1,1,3,2,0,0,0,2,2,0,1,1,0,0,1,3,0,2,3,0,0,1,0,0,0,0,0,0,1,1,1,2,0,0,0,0,1,2,0,54
205,"Aranayaka",9,1,1,12,0,2,1,2,2,4,4,2,0,4,3,1,2,0,3,4,1,3,0,3,1,3,3,1,3,8,1,4,0,0,1,2,2,0,3,0,7,5,6,4,2,0,3,3,1,4,0,2,133
47,"Arayampathy",2,0,0,0,2,0,0,3,1,0,2,2,1,2,0,0,0,0,1,0,0,1,0,1,5,0,0,1,0,5,0,0,0,0,0,1,2,0,0,0,0,0,0,0,0,1,0,0,0,0,0,0,33
146,"Attanagalla",19,13,11,5,2,9,1,8,4,1,5,5,6,1,10,7,2,3,13,9,5,2,6,3,0,8,3,14,14,6,9,3,7,0,9,2,6,8,7,5,1,4,9,3,3,12,4,6,3,4,5,5,310
6,"Aturaliya",0,0,1,3,0,0,0,0,3,2,1,2,0,0,0,0,0,0,1,0,0,0,2,0,0,1,0,0,0,1,2,1,0,0,0,0,1,0,0,1,0,0,1,0,0,0,1,0,1,1,2,0,28
144,"Ayagama",1,0,2,0,0,0,2,1,2,2,0,1,1,4,1,3,8,8,12,5,2,10,1,4,4,0,3,5,0,2,1,0,1,1,0,0,1,0,0,0,0,0,0,0,1,0,0,0,0,0,0,0,89
253,"Badalkumbura",0,0,0,0,0,0,0,1,0,1,0,1,0,2,0,0,0,0,0,0,0,1,0,0,0,1,0,0,0,0,0,0,0,0,1,0,1,0,1,0,1,1,0,0,0,1,1,0,0,2,0,0,16
200,"Baddegama",0,0,0,0,6,1,0,3,1,0,0,0,0,0,1,0,2,0,0,0,0,0,1,2,3,0,2,1,0,2,3,0,2,0,1,0,0,0,0,1,0,0,0,0,2,0,3,2,3,0,3,1,46
280,"Badulla",0,0,1,5,9,3,7,10,2,6,0,1,3,1,1,6,5,8,2,3,1,7,4,3,4,5,3,8,6,6,2,3,6,1,3,3,3,2,5,1,1,1,0,1,0,1,1,0,1,0,1,0,156
240,"Balangoda",0,2,0,2,3,1,6,3,3,1,3,3,0,5,0,1,0,0,2,0,0,1,2,2,0,0,1,1,0,0,0,2,0,1,0,1,2,0,0,1,1,1,6,0,1,3,2,1,0,0,1,3,68
251,"Balapitiya",1,0,2,0,2,2,2,1,0,0,2,0,0,1,0,0,0,2,1,1,1,0,0,1,2,1,2,0,0,2,1,0,0,0,0,1,1,2,1,0,0,0,1,0,2,0,0,1,0,0,0,2,38
204,"Bambaradeniya",0,1,3,1,1,2,1,2,0,2,0,2,0,1,0,1,0,0,2,3,1,1,4,6,8,4,5,1,3,1,3,2,7,2,0,2,1,0,0,1,1,0,0,1,0,0,0,0,0,0,1,0,77
194,"Bamuna",8,1,3,2,3,2,0,3,2,3,0,0,0,1,0,0,2,0,2,1,1,2,1,2,0,1,0,0,0,0,0,1,1,1,0,0,0,0,1,1,1,1,1,0,0,0,1,1,0,0,1,0,51
2,"Bandaragama",0,2,4,2,2,0,5,1,4,0,6,4,5,3,6,1,3,1,4,1,2,2,1,2,2,2,2,3,2,3,4,3,1,3,3,5,3,3,2,2,2,4,0,1,1,2,3,1,3,0,5,5,131
168,"Bandarawela",1,0,0,1,0,0,0,0,0,2,0,1,0,1,3,1,0,1,0,0,0,0,1,1,0,0,0,1,0,0,0,0,0,0,2,0,0,0,1,1,0,1,0,0,1,1,1,1,0,0,1,1,25
134,"Batticaloa",0,4,6,4,10,5,2,8,12,5,4,5,2,9,1,3,5,1,4,6,1,1,0,1,5,2,2,1,2,2,0,0,2,1,1,0,1,2,0,1,1,1,0,0,0,0,0,1,1,1,0,0,126
232,"Beliatta",0,2,1,0,0,2,1,0,1,2,0,0,0,1,0,1,0,1,0,0,0,0,0,1,0,0,1,1,0,0,2,0,0,0,0,1,0,0,0,0,0,2,0,0,0,0,1,0,1,0,2,0,24
18,"Beruwala(North)",5,4,5,5,5,10,3,5,4,6,5,5,6,6,1,5,0,2,5,5,0,10,5,6,5,5,6,10,11,7,3,10,5,5,2,5,5,4,4,2,1,4,3,2,2,4,4,5,6,10,9,11,263
50,"Bibile",1,1,0,0,0,0,0,0,0,0,0,0,0,0,0,0,0,0,0,0,0,0,0,0,0,0,0,1,0,0,0,0,0,0,0,0,0,0,0,0,0,2,0,1,1,1,0,1,0,0,0,0,9
199,"Bingiriya",1,0,0,0,3,5,2,1,3,2,0,0,1,1,1,1,0,0,1,1,1,3,1,3,0,0,2,4,0,1,2,3,2,2,0,1,1,0,1,0,1,1,1,1,0,0,0,0,0,2,0,2,58
3,"Biyagama",3,3,6,4,0,10,4,7,5,5,2,1,3,2,0,9,3,7,6,9,9,3,3,3,5,8,7,3,6,11,10,2,7,2,1,2,4,0,2,2,1,10,3,2,3,0,3,4,11,2,7,8,233
241,"Bogawanthalawa",0,0,0,0,0,0,0,0,0,0,0,1,0,0,0,0,0,0,0,0,1,0,0,0,0,0,0,0,0,0,0,0,0,0,0,0,0,1,1,0,0,0,0,0,0,0,0,0,1,0,0,0,5
230,"Bope-(Podd",0,5,0,0,0,2,0,1,0,0,2,1,0,0,0,0,0,0,3,0,0,1,1,0,1,1,4,0,0,3,0,0,0,1,0,1,4,2,0,0,1,0,1,0,2,0,1,3,0,3,3,2,49
298,"Boralesgamuwa",6,4,4,6,7,18,11,15,6,11,4,6,5,5,2,3,3,5,4,2,4,2,3,3,3,5,4,6,4,5,12,11,14,6,3,12,6,3,3,2,4,1,1,4,1,4,6,5,9,5,12,1,291
265,"Bulathkohupitiya",1,3,0,4,1,1,2,3,1,2,0,1,0,0,1,0,1,1,2,0,0,2,1,1,1,0,1,3,2,0,4,1,1,1,3,0,3,0,0,0,0,1,2,0,0,0,1,1,0,5,1,0,59
314,"Bulathsinhala",0,0,0,0,0,0,0,0,2,2,1,1,0,0,0,0,0,1,1,0,4,2,2,0,1,1,2,0,2,4,0,1,1,0,3,2,0,0,0,0,1,1,0,1,0,1,0,0,1,0,0,0,38
23,"Buttala",0,0,0,1,0,0,3,2,0,0,0,0,0,0,0,0,1,0,0,1,0,0,0,1,1,0,0,1,0,0,0,0,1,0,0,0,0,2,0,1,1,1,1,0,0,1,0,0,1,0,0,0,20
262,"Chankanai",2,0,0,0,0,1,0,0,1,1,0,0,1,3,0,1,0,0,0,1,0,0,1,1,0,0,0,1,0,0,0,0,0,0,0,0,0,0,0,0,0,0,1,1,0,2,1,0,2,2,5,0,28
37,"Chavakachcheri",6,9,2,3,4,1,0,2,1,2,0,0,8,0,0,9,3,5,4,0,1,0,1,0,2,2,0,0,1,0,2,3,2,1,0,3,0,1,1,0,0,1,0,0,2,2,0,2,4,3,2,13,108
177,"Cheddikulam",0,0,0,0,0,0,0,0,0,0,0,0,0,0,0,0,0,0,0,0,2,0,0,1,0,0,0,0,0,1,1,0,0,0,1,0,0,0,0,0,0,0,1,0,0,0,0,0,0,1,0,0,8
12,"Chenkaladi",0,0,0,2,1,0,1,1,3,0,0,1,1,0,0,0,0,0,0,1,2,1,1,0,0,1,0,0,0,1,2,2,2,0,1,4,0,0,0,3,3,1,1,1,1,0,2,0,1,0,0,1,42
153,"Chilaw",24,9,4,9,22,2,24,10,6,1,3,4,0,2,5,1,7,3,5,8,1,0,0,5,3,5,2,2,2,0,3,7,9,5,4,3,3,0,2,2,2,0,2,3,2,5,2,1,0,4,2,7,237
49,"Damana",1,0,0,2,0,0,0,4,0,3,1,0,3,0,1,0,0,0,1,2,0,0,2,0,0,0,0,1,0,0,0,3,0,0,0,0,2,0,0,0,1,0,1,3,0,0,0,2,2,0,0,1,36
180,"Dambulla",0,2,2,0,1,1,0,1,2,4,1,0,0,0,0,0,0,0,0,0,0,0,0,0,0,0,0,0,0,0,0,0,1,1,0,1,0,0,0,0,0,1,0,0,0,1,1,0,1,0,1,1,23
284,"Dankotuwa",5,3,6,3,4,3,1,2,1,2,1,1,0,1,2,1,0,3,1,0,0,1,1,2,2,3,2,1,0,1,0,3,4,0,2,2,3,0,0,1,2,0,1,1,2,3,2,3,3,4,3,1,93
133,"Dehiattakandiya",1,1,2,3,0,1,1,0,1,1,0,2,0,0,0,0,0,0,0,0,0,1,0,0,5,0,1,6,2,2,4,1,2,1,1,0,2,3,0,0,0,3,1,1,2,6,1,0,5,3,2,5,73
71,"Dehiowita",1,1,2,2,2,1,1,3,1,0,0,0,2,4,2,0,2,0,3,1,3,1,1,0,3,2,6,2,0,1,1,5,0,1,0,1,0,1,0,0,2,0,1,1,0,3,0,0,0,2,1,3,69
173,"Dehiwala",12,38,34,40,25,41,2,29,25,26,21,28,11,22,11,11,10,19,27,23,22,17,22,34,30,33,31,53,49,40,40,26,43,44,25,35,23,15,16,18,8,16,19,16,27,35,34,36,63,8,57,53,1443
267,"Deraniyagala",3,1,2,0,0,0,1,0,3,1,1,2,0,1,2,0,1,0,1,1,1,0,1,0,0,0,0,0,0,2,0,0,1,1,2,0,0,0,0,0,1,0,2,0,0,1,1,2,0,1,1,0,37
289,"Devinuwara",0,1,0,1,1,2,1,1,0,0,0,0,0,0,0,0,1,0,2,0,0,0,0,0,2,0,2,1,0,0,1,0,0,0,0,1,0,1,1,1,0,0,0,2,0,0,0,0,0,1,0,1,24
248,"Dikwella",0,0,0,4,1,2,3,0,4,4,1,3,1,1,0,1,0,1,0,0,0,0,0,0,1,1,1,0,0,2,2,0,2,1,0,0,0,0,0,0,0,0,0,0,0,0,0,0,1,0,0,0,37
147,"Dimbulagal",0,0,2,4,1,1,1,0,0,0,1,1,1,2,0,0,0,0,1,0,0,1,1,0,1,0,1,6,0,3,6,9,6,3,2,11,5,2,0,1,2,1,0,0,3,1,3,2,1,0,3,1,90
222,"Divitura/W",0,0,0,0,0,1,0,0,2,1,0,0,0,1,0,0,1,0,0,0,0,2,1,0,0,1,0,2,0,1,0,1,0,1,0,0,0,0,0,0,0,0,0,0,1,0,1,0,0,0,1,1,19
140,"Dodamgoda",2,0,2,7,0,6,0,0,0,0,2,7,2,0,1,2,0,1,0,1,0,3,0,3,0,0,0,1,1,1,0,0,2,0,0,2,2,0,1,0,2,2,3,1,0,3,0,0,0,2,1,2,65
89,"Doluwa",0,0,0,5,0,1,1,1,1,2,3,1,0,0,1,0,2,0,1,0,0,0,2,1,2,0,2,2,1,1,4,2,2,5,1,2,1,0,1,1,0,0,0,0,0,2,3,1,1,2,1,1,60
216,"Dompe",9,6,11,2,4,6,3,6,0,4,5,2,1,5,1,7,7,7,5,6,9,3,2,3,5,7,4,3,4,6,4,2,9,4,2,5,3,4,3,1,3,2,2,2,4,0,3,4,4,2,2,0,208
119,"Duvilipitiya",24,3,1,2,2,7,4,3,0,8,5,1,4,5,0,5,1,1,4,1,3,4,7,0,3,1,5,6,6,2,4,1,1,9,4,4,6,5,6,0,1,3,5,2,7,0,0,0,2,5,1,2,186
229,"Eheliyagoda",2,1,3,1,1,1,4,1,4,2,3,3,0,1,0,5,2,0,5,1,2,4,0,1,3,1,2,4,2,6,7,7,1,3,1,2,2,0,1,0,1,0,4,3,0,0,3,0,0,3,0,5,108
157,"Elahera",1,0,0,5,0,0,0,0,0,5,1,2,0,0,1,4,0,1,2,0,0,0,0,1,0,0,1,2,3,0,2,3,1,0,0,5,0,0,6,0,0,1,0,0,0,1,0,0,4,3,0,6,61
143,"Elapatha",5,0,0,4,2,2,4,3,7,2,1,4,0,9,1,0,10,3,10,5,3,5,6,0,5,2,1,2,9,1,1,0,1,6,2,0,2,1,0,1,1,0,0,0,0,0,0,1,0,1,0,0,123
169,"Ella",0,1,2,4,0,0,0,0,1,0,0,0,0,1,1,1,0,0,0,0,0,0,0,0,0,0,0,1,0,1,0,0,0,1,0,2,0,0,0,0,0,0,1,0,0,0,0,0,0,2,1,0,20
221,"Elpitiya",0,0,0,0,1,3,0,0,4,1,0,0,4,2,1,0,5,4,0,1,6,2,3,8,9,3,1,1,1,4,2,1,2,0,0,3,1,0,2,2,0,0,0,0,0,0,1,1,0,7,5,0,91
264,"Embilipitiya",7,9,10,10,9,3,4,4,5,10,6,3,8,7,7,9,6,3,1,1,1,3,0,2,3,1,4,2,4,2,0,1,1,0,4,3,0,3,4,0,0,0,0,0,2,2,4,2,1,2,2,2,177
106,"Eravoor",3,1,3,5,1,0,1,2,2,1,2,3,0,2,1,1,0,0,0,1,2,0,0,1,1,0,1,1,0,0,1,0,0,0,1,0,0,1,2,2,2,1,0,0,0,0,0,0,0,1,1,0,47
283,"Galagedara",0,2,1,0,1,2,2,4,0,1,0,1,0,0,0,0,0,1,0,2,0,1,0,0,0,0,0,0,0,1,1,0,1,0,0,2,0,0,0,0,0,0,0,0,0,0,0,0,0,0,0,2,25
91,"Galaha",0,0,0,0,1,1,0,0,1,3,0,0,0,1,1,0,0,0,0,0,0,0,1,0,0,0,1,0,1,2,0,1,0,0,0,0,0,0,0,0,0,0,0,0,3,0,0,1,0,0,1,0,19
268,"Galenbindunuwewa",2,0,0,0,0,2,0,3,0,1,0,1,0,2,0,0,1,1,0,0,0,0,0,0,0,0,0,0,1,0,1,0,0,0,0,1,0,0,3,0,0,0,2,1,0,0,0,1,1,2,0,0,26
167,"Galewela",5,2,0,0,5,1,0,0,5,1,1,0,0,0,0,0,0,0,1,0,1,0,2,0,0,0,0,1,0,0,0,0,0,2,0,1,1,0,3,2,0,1,1,0,0,0,1,1,3,0,2,0,43
107,"Galgamuwa",1,3,2,1,2,1,1,0,0,4,0,2,0,1,2,1,1,1,0,2,1,4,1,5,0,2,5,9,4,0,6,1,3,0,1,3,3,2,1,1,6,4,6,2,1,0,2,3,1,0,0,0,102
212,"Galigamuwa",4,5,3,1,2,8,2,1,2,4,1,0,0,0,2,3,2,6,5,1,0,0,8,3,1,2,2,2,4,0,1,4,3,1,1,2,3,0,1,1,1,2,0,2,0,2,2,0,3,1,1,2,107
15,"Galnewa",0,1,0,0,0,0,0,0,0,1,1,1,2,1,2,0,1,0,1,0,0,1,1,0,1,0,1,0,0,0,0,0,0,0,0,1,0,1,1,0,1,0,0,1,0,0,0,0,0,0,0,0,20
189,"Gampaha",6,5,3,8,5,8,5,4,1,4,4,9,2,8,5,5,7,8,10,0,9,4,4,6,5,9,8,9,9,10,11,2,5,7,14,6,8,2,5,6,14,4,5,1,13,5,6,6,5,6,10,8,329
165,"Gampola(Ud",0,7,1,5,2,3,0,0,1,4,0,3,0,2,2,1,1,4,3,2,0,7,2,6,6,2,3,4,2,2,2,0,0,1,2,1,2,2,3,1,0,2,1,0,0,1,3,0,1,2,0,2,101
72,"Ganewatta",5,1,2,5,4,3,0,0,0,1,0,0,0,0,0,2,0,3,3,0,0,0,0,0,2,1,1,2,1,1,2,0,0,0,1,2,2,0,1,0,0,0,1,1,0,0,1,2,1,2,0,1,54
100,"Gangawatakorale",3,4,1,1,4,2,5,5,2,2,2,0,1,3,2,2,1,5,0,1,1,0,3,4,1,1,5,2,1,0,3,1,2,0,1,1,1,0,1,0,0,0,3,0,6,3,2,0,0,2,0,1,91
56,"Girandurukotte",0,1,0,0,0,0,0,0,0,0,0,0,0,0,0,0,0,0,0,0,0,0,0,0,2,2,3,0,0,1,0,0,1,0,0,0,0,0,0,0,0,0,0,0,0,0,1,0,1,0,0,1,13
286,"Giribawa",0,1,2,0,0,1,1,0,0,0,0,0,0,1,1,0,0,1,0,0,1,0,1,0,0,0,0,0,0,0,0,0,0,0,2,1,2,0,0,1,1,0,1,0,1,2,1,0,0,0,1,1,24
174,"Godakawela",3,0,6,1,0,0,0,3,5,3,3,2,0,7,2,2,1,1,1,3,0,3,4,2,1,2,0,3,0,3,1,1,0,1,2,1,0,0,2,2,0,1,0,0,2,0,0,0,0,2,0,0,76
31,"Gomarankadawala",0,0,0,0,0,0,1,0,0,0,0,0,2,1,0,0,0,0,0,0,0,0,0,0,0,0,1,0,0,0,0,0,0,0,0,0,0,0,0,0,0,0,0,0,0,0,0,0,1,0,1,0,7
43,"Gonapinuwala",0,0,0,0,0,0,0,0,0,2,0,0,0,0,0,0,0,1,1,1,1,0,0,0,0,0,0,0,0,3,0,0,0,0,0,0,0,0,0,0,0,1,0,0,1,1,0,0,3,0,0,0,15
182,"Habaraduwa",0,0,0,1,0,0,0,2,1,2,2,1,0,0,0,0,0,0,2,1,1,4,1,0,2,0,3,2,0,1,0,1,2,0,3,2,1,4,4,0,0,0,0,0,0,2,3,1,1,0,1,3,54
192,"Hakmana",0,0,1,0,0,0,4,0,0,0,1,0,1,0,1,0,1,0,0,0,0,0,0,1,0,0,0,0,0,0,0,0,0,0,0,0,0,1,0,0,0,0,0,0,0,0,1,0,0,0,0,0,12
148,"Haldummull",0,0,0,0,1,0,1,0,0,1,1,0,0,1,0,0,0,0,1,0,0,1,1,0,0,0,1,1,0,0,2,1,0,0,0,0,1,0,0,0,0,0,0,0,0,0,1,3,1,0,0,0,19
116,"Hali-Ela",0,2,1,1,0,0,3,1,1,4,2,3,1,0,0,0,0,8,3,0,0,0,1,1,0,0,2,0,4,2,1,1,2,1,1,0,2,1,1,1,1,1,1,0,2,0,1,0,1,0,1,0,59
80,"Hambantota",2,0,1,1,1,0,1,0,0,5,1,1,0,0,0,0,0,0,0,0,0,0,0,0,0,0,0,0,1,1,1,0,0,0,0,0,1,0,1,0,0,0,0,0,1,1,0,1,1,0,2,3,27
275,"Hanguranketha",0,1,0,0,3,0,2,0,0,0,0,1,1,0,0,0,0,0,0,0,1,1,0,2,1,0,2,1,1,1,0,0,0,2,2,0,0,1,2,0,1,0,2,0,0,0,0,0,0,3,2,0,33
278,"Hanwella",9,10,13,6,2,9,0,11,8,7,1,4,8,5,1,1,1,9,6,4,0,0,5,14,3,7,7,3,2,3,1,2,2,3,2,6,1,2,0,1,0,1,2,1,1,0,2,2,2,3,2,8,203
149,"Haputale",0,0,0,0,0,0,0,0,2,0,0,0,0,0,0,0,0,0,0,0,0,0,0,0,0,0,4,0,0,2,1,1,0,0,2,1,0,1,0,1,0,0,0,2,0,1,2,0,0,0,0,5,25
84,"Hasalaka(M",0,0,0,1,0,2,1,0,0,1,0,0,0,0,0,0,0,0,0,0,0,1,0,3,1,1,0,1,2,0,0,1,0,0,0,0,1,2,0,1,0,0,0,0,1,0,2,0,1,1,1,0,25
282,"Hataraliyadda",0,0,1,1,0,0,0,1,0,1,0,0,1,0,0,0,0,0,0,0,0,0,0,0,1,0,1,0,1,1,0,0,2,0,0,0,1,0,0,0,0,0,1,0,0,1,0,0,0,1,0,0,15
42,"Hikkaduwa",1,6,2,1,3,0,1,8,2,5,0,0,4,1,0,4,2,7,0,0,1,1,1,0,2,0,1,1,1,1,4,0,3,0,1,1,0,1,5,3,1,0,1,1,0,5,1,0,2,4,3,1,93
190,"Hingurakgoda",1,1,0,8,5,4,3,5,2,1,4,1,4,5,0,8,4,2,5,0,1,3,0,2,1,1,0,4,3,5,7,2,4,5,0,1,2,1,0,0,5,2,7,0,2,6,6,0,3,5,3,0,144
101,"Homagama",6,6,10,4,3,7,5,14,0,17,2,14,3,7,8,1,4,4,6,11,5,5,2,2,3,4,8,6,8,1,13,8,11,9,7,11,8,2,7,0,12,2,6,2,7,6,15,5,11,15,14,2,349
163,"Horana",1,0,1,3,1,0,2,5,1,1,0,2,1,4,1,0,4,3,0,1,1,0,2,0,4,0,1,5,0,1,3,4,4,1,2,2,0,0,0,0,2,2,1,1,1,2,4,3,3,1,3,0,84
102,"Horowpatha",0,0,0,0,0,1,1,0,0,0,1,2,0,0,0,0,0,0,0,0,0,0,0,2,0,0,0,0,0,1,0,1,0,0,0,0,0,1,0,0,0,0,0,0,1,0,0,0,2,0,0,0,13
276,"Ibbagamuwa",9,8,8,5,6,9,3,5,2,3,0,3,0,5,0,2,0,2,1,0,1,2,1,1,4,1,1,3,0,1,2,0,0,0,2,0,0,0,2,0,1,0,0,0,1,0,1,3,4,3,1,2,108
76,"Imaduwa",0,2,1,0,0,0,1,0,1,0,0,0,0,0,0,0,0,0,0,0,0,1,1,0,0,1,1,0,0,0,0,1,0,0,1,0,0,0,0,1,0,0,0,0,0,2,1,0,0,0,0,1,16
239,"Imbulpe",2,0,2,0,0,1,1,2,0,2,1,3,0,4,4,3,2,0,1,0,0,0,1,0,1,0,3,1,0,2,1,1,4,0,0,3,2,0,3,1,0,2,1,0,3,1,3,0,0,3,2,1,67
67,"Induruwa",0,1,1,1,1,0,0,0,1,0,0,0,0,1,0,0,2,2,2,1,1,1,2,0,3,1,1,2,2,1,0,1,1,2,1,1,2,2,0,0,1,1,1,0,1,0,1,1,0,0,3,6,52
292,"Ingiriya",2,1,0,0,2,1,0,1,0,1,2,1,0,3,0,0,0,2,1,4,1,3,0,1,2,1,1,0,1,0,0,1,0,3,0,1,0,3,0,0,0,0,0,0,2,0,1,0,1,0,2,1,46
16,"Ipalogama",1,1,2,1,0,0,1,1,1,3,1,0,0,1,0,0,2,3,0,1,2,0,0,0,0,1,0,0,0,1,0,1,0,1,0,1,0,0,0,0,2,0,0,0,0,0,0,0,0,1,1,1,31
296,"Irakkamam",1,1,0,0,0,0,0,0,0,0,0,0,1,0,1,0,0,0,0,0,0,0,0,0,0,0,0,0,1,0,0,0,0,0,0,0,0,2,0,0,0,0,0,0,0,0,0,0,0,0,0,0,7
65,"Ja ela",16,4,15,7,5,4,4,4,1,7,3,3,7,4,0,0,3,2,5,1,1,1,4,1,2,2,9,5,7,5,14,2,4,2,3,4,2,3,2,2,0,3,1,8,0,3,2,10,6,3,3,5,214
4,"Kaduwela",14,13,15,12,16,14,23,11,22,14,11,20,3,34,17,10,15,32,25,11,13,14,14,21,16,19,23,20,18,20,29,12,8,20,17,33,12,25,26,25,12,23,37,11,19,18,38,40,33,14,22,15,999
104,"Kahatagasd",0,0,0,0,1,0,0,0,0,0,2,0,0,0,0,0,1,1,0,0,0,1,0,0,0,0,0,0,0,0,0,0,1,1,0,1,0,0,1,1,0,0,1,1,0,0,0,0,2,3,2,0,20
175,"Kahawaththa",0,1,2,0,0,0,0,0,1,0,1,1,1,3,0,1,1,0,0,1,0,1,0,1,2,0,1,0,1,0,1,0,0,0,0,0,0,2,0,0,0,0,0,0,0,0,0,0,1,0,0,1,24
141,"Kalawana",1,0,1,0,1,0,0,2,0,2,0,0,1,2,0,1,0,3,2,1,2,1,1,0,0,0,2,0,1,1,0,2,1,1,2,1,0,0,2,0,0,1,0,0,0,0,2,0,1,0,0,0,38
260,"Kalmunai",1,4,6,3,9,9,1,26,6,10,0,7,3,2,0,2,1,0,0,2,2,6,0,1,0,2,0,0,0,1,0,0,0,1,0,0,0,0,0,0,0,0,0,0,0,0,1,1,1,1,0,0,109
7,"Kalpitiya",0,4,3,0,0,0,1,3,2,1,2,4,2,1,4,0,0,0,0,1,0,1,2,0,6,0,1,2,1,1,1,0,0,0,0,0,0,0,0,0,0,0,0,0,0,0,2,0,0,0,0,2,47
1,"Kalutara(North)",0,7,7,8,7,4,2,5,5,4,3,3,6,2,3,4,1,8,7,3,4,5,2,9,2,7,1,7,5,8,7,2,7,2,3,5,6,3,3,3,13,0,5,2,2,4,4,7,7,6,7,3,240
238,"Kaluvanchikudi",0,0,2,1,2,1,1,3,1,0,0,1,1,2,0,0,2,4,0,1,1,1,0,2,2,0,0,1,1,0,1,0,0,0,1,0,0,0,0,1,0,2,0,1,0,0,1,0,2,4,3,0,46
171,"Kamburupitiya",0,0,0,2,1,2,1,1,0,1,1,1,0,0,0,0,0,0,0,1,0,0,0,0,0,1,0,1,1,2,0,0,0,0,1,0,1,0,0,2,1,0,1,1,0,1,1,1,0,1,1,1,29
92,"Kandaketiy",0,0,0,0,0,0,0,0,1,0,0,0,0,0,0,0,0,0,0,0,0,1,0,0,0,0,0,1,0,0,0,2,0,0,1,0,0,0,0,0,0,0,0,0,1,0,2,0,0,0,0,0,9
110,"Kandavalai",0,0,0,0,0,0,1,0,1,0,0,0,0,0,0,1,0,0,0,0,0,1,0,2,0,0,0,0,0,0,0,0,0,0,0,0,0,0,0,0,0,1,0,0,0,0,0,1,2,0,1,1,12
294,"Kantale",0,1,0,0,1,1,0,1,0,1,0,0,0,3,0,0,0,0,0,2,0,0,0,0,0,0,0,0,1,1,0,0,0,2,0,0,0,1,0,0,0,0,0,0,0,0,0,0,0,2,0,0,17
263,"Karaitvu",1,2,2,0,0,1,3,3,0,5,0,2,0,2,0,0,0,0,0,0,0,0,0,0,0,0,0,0,0,0,0,0,0,0,0,0,0,0,0,0,0,0,0,0,0,1,0,0,0,0,0,0,22
223,"Karandeniya",3,1,1,2,0,2,0,0,2,1,1,2,0,4,2,0,4,0,2,0,10,0,1,5,4,0,0,2,1,2,3,3,0,1,2,2,2,2,0,0,0,0,0,0,4,3,4,1,1,1,16,0,97
36,"Karaveddy",0,2,0,0,1,1,0,1,0,0,1,1,1,1,1,3,0,3,1,0,0,0,3,1,1,1,2,1,1,1,2,0,1,1,0,1,0,0,0,1,0,1,0,0,0,0,2,2,3,3,2,3,50
9,"Karuwalaga",0,1,3,1,3,0,0,3,0,2,0,1,0,0,0,0,0,0,1,0,2,0,0,0,0,1,1,0,1,0,0,1,0,0,0,0,0,0,0,2,1,0,0,0,0,3,0,0,0,1,0,1,29
105,"Katana",0,7,0,8,5,6,2,0,2,2,1,1,2,0,0,3,1,1,2,1,0,1,1,4,3,3,1,3,3,2,4,2,2,1,4,4,1,0,2,6,5,0,1,2,2,1,1,1,5,1,0,2,112
234,"Kataragama",4,0,0,0,0,1,0,1,0,0,0,0,0,0,0,0,0,0,0,0,0,0,1,0,0,1,0,0,1,1,0,1,0,0,1,0,0,0,1,0,0,0,0,0,0,0,1,0,0,0,0,0,14
46,"Kattankudy",0,3,1,3,6,7,3,4,3,4,1,1,1,0,2,0,0,0,0,3,3,2,0,1,1,1,1,1,0,0,0,0,0,0,0,0,0,0,0,0,0,0,0,0,1,0,0,0,0,0,0,0,53
96,"Katuwana",2,1,1,1,0,2,1,1,1,2,0,2,0,1,2,2,1,0,0,0,0,1,0,0,0,1,1,0,0,0,5,0,0,0,0,1,1,0,1,0,0,0,1,0,1,2,0,2,0,4,1,0,42
279,"Kayts",0,0,0,0,0,0,1,4,2,0,0,0,0,0,2,1,0,0,0,0,0,1,0,0,1,0,0,0,1,0,1,0,0,0,0,1,1,1,0,0,1,0,0,0,0,0,0,2,1,0,1,0,22
103,"Kebithigol",1,0,0,0,0,0,0,0,0,0,0,0,0,0,0,0,0,0,0,0,0,0,0,0,0,0,0,0,0,1,0,0,0,0,0,2,0,0,0,0,0,0,0,0,0,0,0,0,0,0,0,0,4
242,"Kegalle",7,3,2,0,7,4,2,1,2,1,2,0,2,5,1,0,2,4,4,1,2,0,5,6,2,1,7,1,3,3,2,6,3,0,1,2,2,4,1,2,2,3,3,4,4,2,7,4,5,2,6,1,146
246,"Kekirawa(P",3,0,3,1,2,2,1,1,0,1,0,1,3,1,0,0,0,3,3,0,0,0,2,0,1,0,1,0,1,1,0,0,0,0,0,0,0,1,1,1,0,0,1,0,1,1,0,0,1,0,1,1,40
41,"Kelaniya",8,11,9,25,18,7,9,12,7,9,2,6,4,4,5,4,2,9,6,8,0,4,6,8,4,14,3,2,2,3,7,4,2,5,8,3,2,0,0,3,1,0,0,3,8,1,2,1,6,13,13,2,295
203,"Kilinochchi",0,0,0,3,0,0,2,0,0,1,0,0,3,0,1,0,0,1,1,0,0,0,0,0,1,3,0,0,0,0,5,1,0,2,0,2,3,1,1,0,0,1,0,0,0,1,1,0,0,0,0,1,35
256,"Kinniya",0,0,0,0,0,0,0,0,0,0,0,0,1,0,0,0,0,0,0,0,0,0,0,0,0,0,0,0,0,0,0,0,0,0,0,0,0,0,0,0,0,0,0,0,0,0,0,0,0,0,0,0,1
11,"Kiran",0,0,2,0,0,0,0,1,0,0,0,0,1,0,0,0,0,0,0,0,1,0,0,0,1,0,0,1,0,1,0,1,1,0,0,1,0,0,0,0,0,0,0,0,1,0,1,0,0,0,4,0,17
293,"Kiriella",0,0,0,1,0,0,0,0,3,1,1,0,0,4,0,0,0,1,3,2,2,2,7,0,0,2,2,0,0,2,0,0,0,0,1,0,1,1,0,1,0,0,0,0,1,0,1,1,1,2,0,1,44
249,"Kirinda-Puhulwella",0,0,0,0,0,0,0,1,0,0,0,0,0,0,0,1,0,0,0,0,0,0,1,0,0,1,0,0,0,0,0,0,0,0,0,0,0,0,0,0,0,0,0,0,0,0,0,0,0,1,0,0,5
258,"Kobeigane",0,0,0,0,1,0,1,1,1,0,0,1,0,0,0,0,0,1,1,1,3,2,2,0,0,0,1,0,1,1,0,1,0,0,0,0,1,0,0,0,0,1,0,0,0,0,0,1,2,0,0,0,24
70,"Kollonnawa",12,6,19,13,41,21,22,24,13,22,17,32,0,25,12,17,18,13,37,8,22,4,34,12,30,41,36,41,74,52,22,77,35,23,19,38,13,14,13,4,17,9,16,12,19,30,19,18,53,14,31,36,1250
197,"Kolonna",2,0,1,1,0,2,1,0,0,1,0,1,4,0,1,0,2,0,2,1,0,2,7,0,1,0,0,0,1,0,2,1,0,1,1,0,0,0,0,1,1,0,1,0,0,2,2,3,2,0,0,0,47
35,"Kopay",3,4,0,3,1,2,3,1,2,1,1,0,2,1,3,1,2,0,1,0,1,1,0,1,0,0,2,1,0,1,1,3,1,2,0,0,1,0,0,1,2,0,2,1,1,1,0,2,1,3,5,4,69
40,"Kotagala",1,0,0,0,0,0,1,0,0,0,0,1,0,0,0,0,0,1,0,0,0,0,2,0,0,0,0,0,0,1,4,0,1,0,1,0,0,0,0,0,0,0,0,0,0,0,0,0,1,0,0,0,14
137,"Kotapola",3,2,1,0,1,4,0,2,0,0,4,0,2,0,0,1,0,0,2,0,0,5,0,0,2,0,1,1,0,3,1,0,0,1,0,1,2,0,2,1,1,2,0,1,1,2,2,0,1,0,2,1,55
48,"Kotavehara",0,0,0,0,1,2,0,1,0,0,0,0,0,0,0,0,0,0,0,1,0,3,1,1,0,1,1,1,1,0,2,1,1,0,0,0,1,0,0,1,1,2,0,0,0,0,0,0,0,0,0,1,24
38,"Kothmale",0,0,1,0,0,2,0,0,0,1,3,2,0,0,0,0,0,0,1,0,0,0,3,0,0,0,0,0,4,2,5,1,2,1,1,0,0,0,0,0,0,0,1,0,0,1,0,1,0,0,1,0,33
218,"Kotte",4,10,4,4,3,2,9,5,2,2,5,4,4,4,5,2,4,6,5,5,2,1,4,1,2,4,8,16,1,2,9,6,5,4,2,5,5,2,1,1,3,2,6,2,0,3,1,5,11,12,6,3,224
32,"Kuchchaveli",0,1,0,0,0,1,0,0,0,0,0,0,0,0,1,0,0,0,2,0,0,0,0,0,0,0,0,0,1,0,0,0,0,0,1,0,0,0,0,0,0,0,0,0,0,0,0,0,0,0,0,1,8
247,"Kuliyapitiya",3,2,1,2,0,0,2,2,0,2,1,0,0,2,1,1,1,7,2,0,0,0,5,1,3,2,3,3,6,4,1,3,1,0,1,2,0,0,5,4,4,0,0,0,3,2,1,2,1,0,2,4,92
277,"Kundasale",3,1,4,3,2,2,1,0,0,1,0,1,0,0,0,0,0,2,1,0,1,1,0,2,1,0,3,1,1,0,0,0,0,1,5,0,5,0,1,0,0,0,0,2,0,0,1,0,0,2,2,1,51
307,"Kurunduwatta",3,0,0,3,0,0,0,1,3,3,0,0,0,0,0,3,0,1,13,6,4,3,6,2,2,4,3,2,3,2,5,4,0,2,3,2,2,1,0,0,1,0,1,0,3,0,0,2,1,0,2,1,97
207,"Kurunegala",87,55,63,44,38,24,28,37,34,16,17,8,1,3,5,8,0,9,3,1,1,3,2,4,0,1,0,2,2,1,5,2,1,0,5,0,0,1,0,0,1,0,1,1,0,1,1,4,2,2,1,2,527
271,"Kuruwita",2,0,4,0,3,4,1,9,7,5,4,1,7,6,2,0,7,4,8,4,2,8,17,3,6,5,3,3,3,2,2,2,0,2,1,0,6,0,1,0,0,1,0,0,3,1,0,1,2,1,0,2,155
85,"Laggala-(pallegama)",0,0,0,0,0,1,0,0,0,0,0,0,0,0,0,0,1,0,0,0,0,0,0,1,0,1,0,0,0,0,0,0,0,0,0,0,0,0,0,0,0,0,0,0,1,0,0,0,0,0,0,0,5
98,"Lahugala",0,0,0,0,0,0,0,0,0,0,0,0,0,0,0,0,0,0,0,0,0,0,0,0,0,0,2,0,0,0,0,0,1,0,0,0,0,1,0,1,0,0,0,1,1,0,0,0,0,0,0,0,7
187,"Lankapura",0,0,1,0,0,1,0,2,0,1,2,1,0,0,0,1,0,0,0,0,0,0,0,1,0,0,0,0,0,0,0,0,1,2,0,0,1,1,0,0,3,0,0,1,0,0,2,0,1,0,3,0,25
313,"Lindula(Th",0,0,1,1,0,0,0,0,0,0,0,0,0,4,4,0,0,0,0,0,0,0,0,1,0,0,0,0,1,0,0,0,0,0,0,0,0,0,0,0,0,0,0,0,0,0,0,1,1,0,0,0,14
188,"Lunugala",0,0,0,1,0,0,0,0,0,0,0,0,0,0,0,0,0,1,0,1,0,1,0,0,1,0,2,1,1,0,0,0,0,0,0,0,1,0,0,0,1,0,0,1,0,1,0,1,3,0,1,0,18
128,"Lunugamvehera",0,0,0,0,5,2,1,1,0,0,0,0,1,0,0,0,0,0,0,0,0,0,1,0,2,0,3,1,1,0,0,0,0,0,0,0,0,1,0,1,0,0,0,0,1,0,1,0,0,2,0,0,24
59,"Madhu",0,0,0,0,0,0,0,0,0,0,0,0,0,0,0,0,0,1,0,0,0,0,0,0,0,0,0,0,0,0,0,0,0,0,0,0,0,0,0,0,1,0,0,0,0,0,0,0,0,0,0,0,2
139,"Madurawala",0,0,1,1,0,0,1,0,2,0,0,3,1,0,0,2,3,1,3,1,2,1,3,1,0,2,0,2,0,0,1,0,0,2,1,1,2,0,1,0,0,1,0,1,0,2,0,0,2,2,1,1,48
54,"Maha-Oya",0,1,0,0,1,1,0,0,0,0,0,0,0,0,0,0,0,0,0,0,0,0,0,0,0,0,1,0,0,0,1,1,1,0,0,0,0,0,2,0,0,0,0,0,0,0,0,0,0,0,0,1,10
112,"Mahara",10,11,13,3,7,5,9,11,9,7,8,3,8,11,0,4,7,16,7,7,7,10,8,10,3,7,8,11,4,17,9,3,10,10,5,6,11,12,5,5,4,4,11,4,4,4,1,17,5,8,9,10,398
33,"Maharagama",9,17,9,19,14,15,12,15,16,4,9,11,7,2,9,1,4,10,6,7,2,3,8,1,6,11,10,18,11,8,21,19,9,20,13,6,3,6,6,11,8,7,14,10,14,16,16,2,15,11,19,7,527
290,"Mahawewa",3,1,3,2,2,0,2,2,2,2,0,0,3,0,1,1,1,0,0,0,0,1,1,0,1,0,3,0,1,2,1,1,3,5,2,1,1,0,1,0,0,0,0,0,1,4,0,0,4,3,0,1,62
55,"Mahiyangan",0,0,0,0,0,0,0,0,0,0,1,0,0,0,0,0,0,0,0,0,0,0,0,0,0,0,0,0,0,0,0,1,0,0,1,0,0,0,0,0,1,0,0,0,0,0,1,0,0,0,0,1,6
243,"Maho",3,4,2,1,1,3,0,2,3,1,3,2,1,2,0,1,2,0,1,0,0,0,1,2,0,1,1,1,4,0,0,0,1,2,1,0,0,0,2,3,3,1,1,0,2,0,0,1,1,1,1,0,62
5,"Malimboda",0,1,0,0,0,0,1,0,0,0,0,0,0,0,0,0,1,0,0,0,0,0,0,0,1,3,0,0,1,2,0,0,0,1,0,0,0,0,1,0,0,0,0,0,0,0,1,0,1,2,1,1,18
312,"Mallawapitiya",0,0,0,0,0,0,0,0,0,0,0,0,0,0,0,0,0,0,0,4,0,0,1,14,3,1,0,1,1,1,1,2,0,2,0,3,0,0,1,2,1,0,0,0,0,2,0,0,1,2,0,0,43
301,"Manikhinna",0,0,0,0,1,1,0,3,1,0,0,2,0,0,0,0,0,0,2,0,0,0,1,0,1,0,0,0,0,0,2,2,4,1,4,0,3,1,0,1,1,2,0,0,1,1,0,0,2,2,0,3,42
154,"Mannar",10,5,4,2,3,3,3,0,1,2,1,2,0,3,0,0,0,1,1,3,1,1,1,0,0,1,0,0,0,0,0,0,0,0,0,1,0,0,1,2,0,0,1,0,0,0,0,0,0,0,0,1,54
306,"Marawila",0,0,0,0,0,0,0,0,0,0,0,0,0,0,0,0,0,0,0,0,0,0,0,0,0,0,0,0,0,0,0,0,0,0,0,0,0,0,0,0,0,0,0,0,0,0,0,0,0,0,0,0,0
272,"Maskeliya",0,0,0,0,0,0,1,0,0,2,0,0,0,0,0,0,0,0,0,0,0,0,1,0,0,0,0,0,1,0,0,0,0,0,0,0,0,2,0,1,0,0,0,0,0,0,0,0,0,0,0,0,8
123,"Matale",0,2,0,0,1,0,0,0,0,1,2,0,5,1,4,0,1,1,1,0,0,0,2,1,1,2,3,1,0,4,0,1,2,1,0,0,0,2,3,2,0,0,0,0,4,0,1,4,1,0,2,0,56
125,"Mathurata",1,0,1,1,3,1,1,2,0,0,2,0,0,0,0,0,1,0,0,0,0,0,0,2,0,1,2,2,2,0,1,1,0,1,2,0,0,0,0,0,1,1,0,1,1,0,0,0,0,0,2,1,34
68,"Matugama",6,1,3,5,3,1,2,2,4,2,6,0,2,1,1,1,1,5,0,4,0,0,3,2,3,5,1,4,3,2,2,0,2,4,1,1,0,3,4,1,0,0,6,3,1,2,4,3,1,2,4,3,120
206,"Mawanella",10,12,12,5,3,3,5,4,0,4,5,2,0,5,5,3,2,0,2,3,3,0,1,4,2,2,3,3,1,6,6,2,2,5,1,2,0,2,2,3,3,2,13,4,9,7,6,1,4,5,4,4,197
270,"Mawathagama",8,17,4,9,15,8,10,9,9,15,4,2,6,6,4,1,2,3,1,4,1,2,5,1,2,4,2,1,0,1,4,2,4,4,3,2,1,1,0,2,1,1,0,3,0,2,0,0,0,2,1,0,189
69,"MC - Colombo",62,73,41,76,76,57,82,60,43,48,36,78,39,50,68,40,70,60,46,53,43,45,70,74,77,100,90,81,105,131,128,67,73,76,53,61,59,36,31,57,59,49,89,98,81,82,132,122,117,139,96,182,3861
58,"MC - Dambulla",0,0,0,0,0,1,0,0,3,0,0,2,0,0,0,0,0,0,0,0,0,0,0,0,0,0,0,0,0,1,0,10,0,0,0,0,2,1,0,0,0,0,0,0,0,0,0,0,1,0,0,0,21
299,"MC- Negambo",17,18,19,5,4,10,7,6,9,8,5,2,0,3,0,0,0,1,0,0,4,0,7,4,5,4,9,14,7,5,7,8,4,7,6,13,3,3,0,10,13,9,30,10,18,12,13,31,15,19,2,12,418
162,"MC-Galle",1,1,3,0,0,0,1,1,1,0,0,1,0,1,2,0,0,4,2,7,2,5,0,10,4,1,4,4,2,9,2,0,7,0,9,3,4,6,2,2,0,0,0,0,1,1,2,2,1,2,5,0,115
185,"MC-Jaffna",9,4,4,8,4,5,5,5,1,9,3,8,3,10,17,7,2,6,0,6,7,2,0,1,1,0,0,0,2,0,1,1,1,0,1,1,0,3,1,2,1,3,9,4,1,0,2,2,8,8,7,1,186
99,"MC-Kandy",6,13,31,9,21,25,19,11,8,3,7,4,1,2,4,7,0,0,2,5,5,5,6,8,9,8,10,3,7,9,15,10,12,15,5,7,3,5,2,1,0,0,2,1,2,0,0,0,0,2,0,2,332
295,"MC-Kurunegala",19,42,28,19,28,19,4,17,8,6,12,3,2,2,0,1,1,3,0,0,2,0,0,6,3,1,0,0,0,0,1,0,0,1,0,0,0,0,0,0,0,0,0,0,0,0,0,0,0,0,0,0,228
25,"MC-Matale",4,1,2,0,1,6,1,2,0,1,0,1,3,0,1,2,1,3,1,0,0,2,1,2,3,3,0,5,3,3,10,0,2,1,4,2,2,0,1,0,0,0,1,0,0,0,0,1,0,2,0,1,79
288,"MC-Matara",0,0,1,1,0,1,2,2,2,1,1,3,3,0,0,0,1,1,2,3,1,0,1,1,3,2,6,0,0,5,0,3,0,0,3,1,1,0,0,0,0,1,1,1,1,1,1,0,0,0,0,0,57
124,"MC-Nuwaraeliya",0,0,0,0,0,0,1,0,0,0,0,0,0,0,0,0,0,0,0,0,0,0,0,0,0,0,0,0,0,0,0,0,0,0,0,0,0,0,0,0,0,0,0,0,0,1,0,0,0,0,0,0,2
315,"Medadumbara",0,0,0,0,1,1,0,0,0,1,0,0,0,0,0,2,1,0,0,1,1,0,0,3,0,1,0,0,1,0,0,0,2,1,0,0,0,0,0,0,0,0,0,0,0,0,1,0,2,0,2,2,23
274,"Medagama",3,4,1,0,0,0,0,2,4,0,0,3,2,3,0,2,1,0,0,1,0,1,2,1,0,0,0,0,2,0,0,0,0,2,0,0,0,0,0,0,0,3,1,1,0,0,1,0,1,0,0,1,42
236,"Medawachch",0,0,1,0,0,0,2,1,1,0,0,0,0,0,0,0,0,0,0,1,0,0,0,0,0,0,0,0,0,1,0,0,0,0,0,0,0,1,2,0,0,0,0,1,2,1,0,1,0,1,0,4,20
217,"Medirigiriya",2,0,3,1,3,3,7,1,2,4,3,3,1,2,2,3,0,2,1,1,0,1,1,4,2,2,0,3,0,0,1,4,3,3,2,1,0,1,2,2,5,0,1,1,2,1,1,0,1,3,4,0,95
118,"Meegahakiv",0,0,0,0,0,0,0,0,0,0,0,0,0,0,0,0,0,0,0,0,0,0,0,0,0,0,0,0,0,0,0,2,0,0,1,0,1,0,0,0,0,0,0,0,1,2,2,0,0,0,0,0,9
131,"Meerigama",4,2,3,4,5,4,2,5,3,8,6,4,2,4,5,1,3,5,1,4,1,5,2,1,3,0,4,4,4,8,0,2,7,3,8,5,0,5,7,0,4,2,9,6,6,4,6,15,3,9,1,0,209
181,"Mihintale",0,1,3,0,1,0,0,3,1,3,0,0,1,0,0,0,0,1,0,1,0,0,0,0,2,0,0,1,0,0,0,0,0,0,0,0,0,0,0,0,1,0,0,0,0,0,1,0,0,0,0,1,21
120,"Minuwangoda",13,7,11,6,3,10,4,3,3,4,6,1,6,2,3,2,9,3,8,3,2,3,1,22,6,0,3,2,0,8,9,6,10,8,0,1,4,0,5,1,4,1,1,6,4,4,10,2,2,13,2,4,251
130,"Monaragala",0,3,0,2,0,0,0,1,2,0,0,1,0,1,0,0,1,0,1,1,0,0,0,0,1,1,0,3,0,0,1,0,1,4,0,3,1,0,1,0,1,1,0,0,0,0,0,0,1,2,1,1,36
254,"Moratuwa",5,9,12,18,11,3,24,21,14,7,12,18,9,11,7,5,12,5,1,9,9,11,12,8,15,12,26,26,26,20,40,33,32,21,11,27,5,12,19,10,7,9,9,5,11,12,17,25,24,27,25,9,768
136,"Morawaka",0,2,4,0,2,2,1,4,0,4,0,2,1,1,1,1,1,0,2,2,3,2,1,0,1,1,1,0,0,1,1,0,0,0,1,2,1,1,0,0,1,0,0,0,0,0,0,0,0,0,1,0,48
170,"Mulatiyana",0,0,1,1,0,0,0,0,0,1,0,1,0,0,0,0,0,0,0,0,0,0,0,0,0,0,0,1,0,1,0,0,0,1,0,1,1,0,0,0,0,0,0,0,0,0,0,0,0,0,0,0,9
231,"Mullativu",1,1,3,0,0,2,0,1,2,0,1,3,1,5,3,4,2,0,8,1,1,4,5,0,0,1,0,1,0,4,1,3,1,0,1,1,0,0,0,0,3,0,0,0,0,0,1,0,0,1,0,0,66
310,"Mundel",0,5,4,4,2,3,3,3,3,6,2,2,1,0,0,0,0,0,1,0,0,1,0,0,2,0,2,0,0,0,2,3,0,0,0,2,0,2,0,3,0,0,1,1,0,0,0,0,0,3,0,0,61
215,"Musali",0,0,0,0,0,0,0,0,0,0,1,0,0,0,0,0,0,0,0,0,0,0,0,0,0,0,1,0,0,0,0,0,0,0,0,0,0,1,0,0,0,0,0,0,0,0,0,1,0,0,0,0,4
13,"Mutur",1,0,1,0,0,0,0,1,0,0,1,1,2,0,2,0,1,2,0,0,0,0,0,0,0,0,0,0,0,0,1,0,0,5,0,0,0,0,1,0,0,0,1,0,0,0,0,1,0,0,0,2,23
186,"Nallur",7,8,4,0,3,4,1,6,6,3,3,0,0,6,2,0,6,4,0,1,0,2,1,0,0,0,0,0,0,0,1,1,1,2,1,0,5,2,2,1,3,2,2,0,4,1,2,0,3,5,2,2,109
250,"Narammala",6,8,16,6,8,4,4,6,1,5,2,4,5,0,6,5,2,9,8,6,4,4,3,4,4,7,6,2,2,3,2,2,1,1,2,0,1,0,3,1,0,0,1,0,0,1,1,1,2,3,3,4,179
285,"Nattandiya",3,0,4,0,4,0,0,4,0,1,1,0,0,3,1,5,0,0,0,0,1,0,0,2,1,1,1,2,2,3,3,0,2,2,3,0,1,3,0,0,1,0,0,0,0,0,0,2,1,0,0,0,57
156,"Naula",0,0,0,1,1,0,2,0,1,0,1,0,0,1,0,0,0,0,0,0,0,0,0,0,1,0,0,0,1,1,0,0,2,0,1,0,1,0,1,0,0,0,0,0,0,0,0,0,2,0,1,0,18
261,"Navithanve",0,0,0,0,0,0,0,0,0,1,2,0,0,0,0,0,1,0,1,0,0,1,0,0,1,0,0,0,0,0,0,0,0,0,0,0,0,0,0,0,0,0,0,0,0,0,2,0,0,0,0,0,9
39,"Nawalapitiya",3,1,0,0,0,2,4,2,0,3,3,0,0,0,4,2,3,0,0,0,3,3,2,1,2,1,5,3,3,5,1,3,5,2,0,1,3,0,0,1,2,1,2,1,0,1,1,4,3,4,2,1,93
161,"Nawalbase(",0,0,1,0,0,0,0,0,0,1,1,0,0,0,0,0,0,0,0,0,0,0,1,0,0,0,0,0,0,0,0,0,0,0,0,0,0,0,0,0,0,0,0,0,0,0,0,0,0,0,0,0,4
87,"Neluwa",1,0,0,0,0,0,0,0,0,2,1,0,0,1,0,0,0,0,1,0,0,0,0,0,0,1,0,1,0,0,0,0,0,0,0,0,0,0,0,1,0,0,0,0,0,0,0,0,0,0,1,0,10
257,"Nikaweratiya",0,1,0,6,2,0,0,1,1,0,1,1,0,0,2,0,1,0,1,0,0,1,1,1,0,1,1,0,1,1,1,0,0,0,2,0,0,0,1,0,0,0,0,0,0,0,0,0,1,1,0,2,32
320,"Nintavur",3,1,1,3,2,3,3,11,6,4,2,3,1,1,2,2,0,1,0,1,1,1,0,0,2,0,1,0,0,1,0,0,0,0,0,0,0,0,0,0,1,0,0,0,0,0,0,0,0,0,1,0,58
142,"Nivithigala",0,3,6,0,1,0,4,4,3,6,2,3,0,4,4,4,3,6,2,1,2,1,3,0,0,0,1,0,1,0,0,0,0,0,2,2,2,1,0,0,1,0,0,0,0,0,1,1,1,0,0,0,75
63,"Niyagama",0,0,1,0,0,1,0,0,0,1,0,0,0,0,0,1,1,1,0,0,0,0,2,1,3,0,1,0,0,0,0,0,0,0,5,0,3,0,0,1,0,0,0,0,0,0,1,1,0,0,1,1,26
121,"Nochchiyag",3,3,2,0,5,0,0,0,1,2,1,1,2,0,0,1,0,1,0,1,0,0,1,1,0,3,0,0,0,1,1,0,1,0,0,0,0,0,1,1,0,0,1,3,0,0,1,1,0,2,1,0,42
164,"Nugegoda",6,6,12,5,7,5,5,2,5,6,1,6,4,1,13,11,7,6,2,13,1,6,5,8,3,2,3,5,5,5,8,17,8,0,6,10,10,9,3,5,1,6,2,2,3,2,12,14,6,3,6,29,328
281,"Nuwara-Eliya",0,1,1,0,0,0,0,2,2,2,0,0,0,0,2,2,0,0,2,0,0,0,0,0,0,0,0,1,0,0,0,0,1,0,0,0,0,0,0,0,0,0,0,1,0,1,0,0,0,0,0,1,19
82,"Oddamavadi",0,0,0,0,0,0,1,0,2,0,3,2,1,3,2,2,5,3,2,1,0,2,3,1,1,0,0,0,0,0,0,0,0,0,1,0,0,0,0,0,0,0,0,0,0,0,0,0,0,0,0,1,36
109,"oddusuddan",0,0,2,0,1,0,1,0,0,1,1,0,2,0,0,0,0,1,0,0,3,0,0,0,0,0,0,0,0,0,0,1,0,0,0,0,2,3,0,0,1,0,0,1,0,0,0,4,0,0,1,0,25
311,"Okewela",1,0,0,1,0,0,0,0,0,0,0,0,0,1,0,1,0,1,0,0,1,0,0,0,0,2,0,1,0,0,0,1,2,3,1,0,1,0,0,0,0,0,0,0,2,1,1,0,0,0,0,1,22
303,"Opanayaka",0,0,3,1,1,2,1,1,0,0,4,0,0,1,0,1,1,0,0,0,0,1,0,0,1,1,1,1,1,0,2,0,0,1,0,0,1,0,2,0,0,0,0,1,0,0,0,1,0,0,0,0,30
21,"Padavi Sripura",0,0,0,0,0,0,0,0,0,0,0,0,0,0,0,0,0,0,0,0,0,0,0,0,0,0,0,0,0,0,0,0,0,0,0,0,0,0,0,0,0,0,0,0,1,0,0,0,0,0,0,0,1
20,"Padaviya",0,0,1,0,0,0,0,0,0,0,2,0,0,0,0,0,0,0,1,0,0,0,0,0,0,0,0,0,0,0,0,1,0,0,0,0,1,1,0,0,0,0,0,0,0,0,0,0,0,0,0,0,7
53,"Padiyatalwa",0,0,0,0,0,0,0,0,0,0,0,0,0,0,0,0,0,0,0,0,0,0,0,0,1,0,0,0,1,0,0,0,0,0,0,1,1,0,0,3,1,0,0,0,0,0,0,0,0,0,0,1,9
244,"Padukka",0,0,0,0,2,2,2,3,4,2,2,0,0,1,0,0,4,0,2,1,1,0,4,2,2,0,2,2,2,3,2,0,1,0,1,1,0,2,0,0,0,1,1,2,1,2,1,1,0,0,1,1,61
297,"Palagala",2,0,0,2,0,1,3,1,0,2,1,0,0,0,0,0,0,0,0,3,0,0,0,0,0,0,1,0,0,0,0,1,1,0,0,0,1,0,1,1,0,0,0,0,0,0,0,0,0,0,3,0,24
155,"Palai",0,2,0,1,0,0,0,0,0,0,0,0,0,0,0,0,1,0,0,0,0,0,0,0,0,0,0,0,0,0,0,0,0,0,0,0,0,0,0,0,0,0,0,0,0,0,0,0,0,1,0,0,5
28,"Palinda-Nuwara",2,2,3,1,3,0,3,4,1,0,1,1,0,1,5,1,0,1,0,1,1,5,0,2,1,0,0,0,1,0,2,0,0,3,1,0,0,1,0,0,0,0,0,0,0,2,0,0,1,0,0,0,50
309,"Pallama",0,0,0,0,0,0,0,0,0,0,0,0,0,0,0,0,0,1,0,1,0,0,0,0,0,4,0,0,1,0,0,0,0,0,0,0,2,0,0,3,0,0,1,1,2,0,0,0,0,0,2,0,18
158,"Pallepola",0,0,0,0,1,2,1,0,1,0,1,0,0,1,0,0,1,1,1,0,0,1,0,0,0,0,1,0,1,2,1,0,0,2,0,0,0,1,0,0,0,1,1,0,1,2,0,1,1,1,0,4,31
0,"Panadura",28,10,13,13,5,32,15,3,3,18,5,12,5,11,12,8,9,4,8,12,2,9,5,9,12,13,23,18,15,11,23,17,27,7,23,20,16,12,16,11,13,8,10,10,16,6,21,24,18,25,29,29,724
126,"Panduwasnuwara",3,0,2,2,4,2,0,0,2,2,1,2,1,1,2,1,0,1,0,0,0,0,1,2,0,2,0,1,1,1,0,0,0,1,0,3,3,1,1,1,1,2,0,0,0,1,2,2,2,1,1,0,56
88,"Pannala",0,9,5,3,4,1,2,2,1,4,1,3,1,2,2,0,1,2,0,0,5,0,3,3,2,3,6,1,1,2,2,2,2,5,0,4,3,2,6,3,1,0,0,2,1,1,1,1,1,3,1,0,110
308,"Panwila",0,0,0,0,0,0,0,0,0,0,0,0,0,0,0,0,0,0,0,0,0,0,1,0,0,0,0,0,0,0,0,0,0,0,0,0,0,0,0,0,0,0,0,0,0,0,0,0,0,1,0,0,2
237,"Pasgoda",0,1,0,2,2,1,1,1,0,0,0,0,0,0,3,1,0,0,1,2,0,1,0,1,1,0,2,2,0,2,1,0,0,0,0,1,0,0,1,0,0,0,1,0,0,1,0,2,1,0,2,0,34
252,"Passara",2,3,0,1,1,0,1,0,1,0,2,1,1,0,0,3,0,0,1,0,0,0,0,0,1,1,0,0,1,0,1,1,1,0,1,0,0,0,1,1,0,1,0,1,0,1,0,0,0,0,3,0,32
184,"Pelmadulla",1,0,1,4,3,7,3,6,5,9,6,3,3,8,2,0,6,6,5,8,0,5,6,9,2,3,1,4,3,6,6,1,3,0,3,2,3,0,3,1,0,1,3,0,1,0,2,0,0,1,3,1,159
172,"Piliyandala",10,4,14,16,1,6,18,12,10,3,9,7,3,8,7,7,14,3,3,20,3,4,10,5,7,17,7,14,4,23,9,10,21,20,9,2,17,14,9,4,9,6,7,4,13,1,21,7,9,8,4,6,479
201,"Point-Pedro",1,1,1,0,0,0,2,1,0,0,0,0,1,0,1,1,2,2,0,2,0,0,2,0,2,0,0,0,1,3,1,2,2,3,0,2,0,0,0,0,0,1,2,2,1,0,3,1,0,3,1,3,50
209,"Polgahawela",10,14,8,12,3,6,6,4,1,5,3,0,2,2,1,1,2,1,1,0,3,2,1,5,2,4,3,0,3,1,0,1,4,0,2,4,1,0,3,0,1,1,0,0,1,0,2,1,0,3,0,2,132
73,"Polpithigama",3,5,0,4,10,3,2,1,0,3,4,6,1,1,3,0,0,2,2,0,0,1,3,0,2,5,2,1,2,2,2,1,0,3,1,3,2,0,0,2,1,2,5,0,0,1,1,3,4,3,0,4,106
319,"Poojapitiya",0,0,0,1,1,1,4,3,0,0,0,4,0,0,2,3,0,0,1,2,0,0,0,0,6,2,4,0,0,3,2,5,0,0,0,2,0,0,2,2,1,0,0,0,0,0,0,0,0,0,0,0,51
317,"Poonakari",1,0,0,0,0,0,1,0,0,2,0,0,0,0,0,0,2,0,0,1,0,0,0,0,1,0,0,0,0,0,0,5,0,0,3,0,0,0,0,0,0,0,1,0,0,0,0,0,0,0,0,0,17
97,"Pothuvil",0,0,1,0,0,0,1,0,0,0,0,0,0,0,0,0,0,0,0,0,0,2,1,0,0,0,0,0,0,1,0,0,0,0,1,0,0,0,0,0,0,0,1,0,0,0,0,0,0,0,0,0,8
225,"PS-Matara",0,1,0,0,2,4,3,1,0,0,0,1,0,1,2,0,0,1,0,0,0,0,0,0,0,0,0,0,1,0,0,1,0,1,0,0,1,0,0,1,0,0,0,0,0,0,0,0,1,1,0,1,24
111,"Puthukudiyirippu",4,0,0,1,1,0,0,0,2,0,0,4,0,0,0,2,1,0,0,1,1,0,3,0,0,3,0,0,0,0,0,0,0,0,0,0,0,1,1,0,0,1,0,0,0,0,1,1,0,0,0,0,28
8,"Puttalam",13,4,7,10,0,8,3,4,7,0,4,2,0,6,3,3,0,0,1,2,0,2,0,0,7,0,0,0,4,0,0,1,2,1,0,2,2,0,0,0,0,1,0,0,0,0,3,0,0,2,3,1,108
115,"Ragala",1,0,0,0,0,3,0,1,0,0,0,0,0,0,0,0,0,0,0,0,0,0,5,0,0,0,0,0,0,0,0,0,0,0,0,0,0,0,0,0,0,0,0,0,0,0,0,0,0,0,0,0,10
19,"Ragama",2,2,10,1,6,9,3,2,3,3,1,3,2,3,0,6,1,3,2,3,1,0,3,6,2,0,7,0,1,3,6,1,5,1,2,3,3,2,0,1,4,1,4,0,4,1,9,2,6,3,3,3,152
122,"Rajanganay",2,1,0,1,1,1,0,0,1,2,0,3,0,0,0,0,2,0,1,1,0,0,1,0,0,2,1,0,0,2,0,0,1,1,0,2,0,0,1,2,1,1,0,1,0,0,0,0,0,0,4,0,36
210,"Rambewa",1,1,0,0,1,1,0,0,1,0,0,1,0,0,0,0,1,0,0,1,1,0,1,0,1,0,0,0,0,1,1,1,1,1,0,0,0,0,0,0,0,0,0,0,0,0,0,1,1,0,0,0,18
208,"Rambukkana",5,2,3,3,5,8,5,6,4,7,3,1,0,2,2,2,3,2,3,6,1,0,2,5,5,3,2,2,2,0,0,0,0,0,2,1,1,4,5,0,0,2,3,4,4,1,3,1,3,4,1,1,134
95,"Rathnapura",5,1,1,8,3,3,6,6,3,3,1,2,6,8,7,0,11,7,17,0,5,13,13,6,12,12,8,5,10,11,8,7,8,3,0,6,0,4,4,1,0,0,2,0,3,0,1,1,1,3,0,0,245
26,"Rattota",1,1,0,4,2,0,1,0,1,1,3,0,0,3,1,0,0,0,1,0,0,1,1,1,1,2,2,4,1,0,2,2,0,2,1,0,0,1,1,2,0,0,0,0,1,0,0,1,1,0,1,2,49
57,"Rideemaliy",1,1,0,0,0,0,0,0,0,0,0,0,0,0,0,0,0,0,0,0,0,0,0,0,0,2,2,3,0,0,0,0,1,0,0,0,0,3,0,0,1,0,0,0,0,2,1,0,0,0,0,1,18
269,"Ridigama",8,12,6,23,8,6,4,9,1,5,2,3,3,4,2,0,0,0,2,1,3,4,1,2,3,11,4,4,4,2,6,5,3,3,4,10,1,2,0,2,1,0,2,0,0,4,1,1,3,5,0,3,193
145,"Ruwanwella",1,0,4,0,0,3,2,3,4,4,3,0,0,7,1,0,9,4,4,6,5,4,4,7,2,2,2,3,3,0,4,2,35,0,1,1,4,2,1,1,2,0,3,0,0,2,2,1,3,0,2,5,158
318,"Sainthamaruthu",3,6,5,1,2,5,1,5,11,8,0,3,0,0,1,0,1,0,4,0,0,0,1,0,0,0,0,0,0,0,0,0,0,0,0,0,0,0,0,0,0,0,0,0,0,0,0,0,0,0,0,0,57
300,"Sammanthurai",6,14,9,10,11,5,7,9,8,2,3,3,5,5,0,3,0,0,0,1,2,0,0,0,0,1,0,0,0,0,0,0,0,0,1,0,0,0,0,0,1,0,0,1,0,0,1,0,0,0,0,0,108
22,"Sampathnuwara",0,0,0,0,0,0,0,1,0,0,0,0,0,0,0,0,0,0,0,0,0,0,0,0,0,0,0,0,1,0,0,0,0,0,0,0,0,0,0,0,0,0,0,0,0,0,0,0,0,0,0,0,2
151,"Sandilipay",2,2,0,2,0,3,2,1,3,3,1,1,3,2,4,3,1,0,4,1,1,3,1,0,1,0,0,1,0,2,0,0,0,0,1,0,1,1,0,0,1,2,2,1,2,0,0,0,3,5,1,1,68
66,"Seeduwa",4,0,5,3,2,0,0,1,2,7,6,4,0,2,2,2,3,2,2,2,0,0,4,0,2,10,21,7,10,0,1,0,10,2,12,0,9,6,11,1,1,3,4,2,0,2,0,6,0,0,0,0,173
179,"Seruwila",0,0,0,0,1,0,0,0,0,0,0,0,0,0,0,0,0,0,0,0,0,0,0,0,0,0,0,1,0,0,1,0,0,0,1,0,1,0,0,0,0,0,0,0,0,0,0,0,0,0,0,0,5
291,"Sevanagala",0,1,1,0,0,1,2,2,1,0,2,1,1,0,2,0,2,1,0,0,0,0,0,0,0,0,0,0,2,0,0,1,0,1,0,1,0,0,0,2,1,0,0,0,0,0,0,0,0,0,0,0,25
129,"Siyambalanduwa",1,1,1,0,0,0,0,0,1,0,0,0,0,1,0,1,0,2,0,2,1,0,1,0,0,1,4,4,1,3,2,0,2,4,0,2,0,0,2,0,0,1,3,2,1,0,0,0,3,1,0,0,48
127,"Sooriyawewa",0,1,1,0,0,0,0,0,0,0,0,0,0,0,0,0,0,0,0,0,0,1,1,0,0,0,0,0,0,0,0,0,0,0,0,0,0,0,0,0,0,0,0,0,0,0,0,0,0,0,0,0,4
113,"Talatu-Oya",0,0,0,0,0,0,0,4,1,2,2,0,0,0,0,0,2,0,0,2,0,0,2,0,2,0,1,0,3,0,0,1,1,1,1,0,5,1,2,0,1,0,2,1,1,2,0,0,3,1,1,0,45
235,"Tanamalwila",1,0,0,2,0,0,0,0,0,1,0,0,0,0,2,2,0,1,0,0,0,0,0,0,1,0,0,0,0,0,0,0,0,1,0,0,0,1,1,0,0,0,0,1,0,0,0,0,0,0,0,0,14
233,"Tangalle",0,3,0,2,0,1,4,1,1,0,0,0,0,2,1,0,0,0,0,1,1,1,0,0,2,0,1,1,1,2,0,0,1,3,1,1,1,0,2,1,0,0,0,0,0,0,1,0,1,0,2,0,39
64,"Tawalama",0,0,0,0,1,3,2,1,3,2,1,0,0,0,0,0,0,0,2,1,0,0,0,0,0,1,0,1,0,0,0,1,1,0,0,0,0,0,0,0,0,0,1,0,0,0,0,0,1,0,0,1,23
152,"Tellippalai",1,2,1,2,1,1,0,0,1,0,1,0,1,0,3,3,1,0,0,0,0,2,0,1,0,0,1,0,0,0,0,0,0,0,0,0,0,0,0,0,0,1,0,0,0,1,0,1,1,0,1,1,28
60,"Thalawa",2,0,1,1,0,0,0,2,0,0,0,1,0,2,0,0,0,0,0,0,1,0,1,0,0,1,0,0,0,0,2,0,0,0,0,1,1,1,1,0,0,0,1,0,1,1,1,0,2,6,1,1,32
195,"Thamankadu",0,0,0,3,0,1,0,2,1,2,1,2,0,6,0,1,0,0,0,1,1,2,0,1,0,1,2,3,6,0,0,1,1,4,0,1,1,2,3,1,3,0,5,2,3,1,3,1,1,0,2,0,71
108,"Thambuttegama",0,0,1,0,2,1,1,2,2,0,0,4,1,0,0,0,4,1,0,0,0,1,0,0,0,1,0,0,2,0,0,0,2,1,3,2,1,0,1,1,1,0,3,0,0,1,1,0,0,0,2,1,43
302,"Thampalakamam",1,0,2,1,0,1,0,0,1,0,0,0,0,0,0,0,0,1,0,0,0,0,0,0,0,0,0,0,1,1,0,0,0,0,0,0,0,0,0,0,0,0,0,0,0,0,1,0,0,0,0,0,10
287,"Thihagoda",1,3,0,0,0,2,3,0,0,0,0,0,1,0,0,0,0,0,0,0,0,0,0,0,0,0,0,1,0,2,0,0,0,0,0,0,0,0,0,0,0,0,0,0,1,1,0,0,0,0,0,0,15
17,"Thirappane",1,1,0,1,2,1,0,0,1,0,0,0,0,0,0,0,0,0,1,0,0,0,0,0,0,0,1,0,0,0,1,0,1,0,0,0,0,0,1,0,0,0,0,0,0,0,0,1,1,2,0,0,16
138,"Thirukovil",0,0,0,0,0,0,0,0,0,0,0,0,0,0,0,0,0,0,0,0,0,0,0,0,0,0,0,0,0,0,0,0,0,0,0,0,0,0,0,0,0,0,0,0,0,0,0,0,0,0,0,0,0
10,"Thunukkai-",0,0,0,0,0,0,0,0,0,0,0,0,0,0,0,0,1,0,0,0,0,0,0,0,0,0,0,0,0,0,1,0,0,0,0,1,0,0,0,0,0,1,0,1,0,1,0,0,0,0,0,0,6
202,"Tissamaharama",0,0,1,0,0,1,0,0,1,1,0,1,0,0,1,0,0,0,0,3,0,0,0,1,0,2,0,1,1,2,0,0,0,0,2,2,1,1,0,1,1,0,3,0,0,0,1,0,0,0,1,0,29
160,"Trincomalee",0,6,4,3,6,12,7,3,3,3,2,1,7,1,4,0,4,1,0,4,2,2,2,1,0,0,1,0,0,1,0,0,0,0,0,0,0,1,0,0,0,0,1,0,0,0,3,0,0,1,0,1,87
245,"Udubaddawa",1,1,5,0,0,0,1,0,0,1,0,0,1,1,0,0,2,1,2,1,1,0,0,0,1,0,0,3,0,1,0,2,1,0,2,0,0,0,0,0,0,0,0,0,0,0,0,2,0,0,2,0,32
93,"Ududumbara",1,0,0,0,0,0,0,2,0,0,1,0,0,0,0,0,0,0,0,0,0,0,0,0,0,0,0,1,0,0,0,0,0,0,0,0,1,1,0,0,0,0,0,0,0,0,0,0,0,0,0,1,8
62,"Udugama(Na",0,1,1,1,0,0,0,0,0,0,0,0,0,1,1,0,2,1,0,1,2,0,1,0,4,0,1,1,1,0,1,1,0,1,0,0,1,2,1,3,0,1,1,0,0,1,0,1,0,0,0,2,35
219,"Udunuwara",0,3,2,1,2,3,0,0,2,3,3,3,2,1,0,1,0,4,1,3,5,1,3,3,2,2,2,1,3,5,5,4,6,3,2,1,0,0,1,2,1,1,0,0,4,2,2,1,1,4,0,0,101
94,"Uduvil",3,1,0,2,2,3,1,0,1,1,1,0,0,2,6,2,1,0,2,1,1,1,0,1,0,3,0,0,1,0,2,1,0,0,1,0,1,0,1,0,2,3,1,2,0,0,0,0,1,2,2,4,59
52,"Uhana",1,0,0,1,0,1,1,1,0,0,0,0,1,1,0,0,2,0,1,0,1,0,1,0,1,0,0,0,1,2,1,0,1,2,1,0,3,0,4,4,0,0,0,3,0,1,0,1,2,0,0,1,40
316,"Ukuwela",10,0,2,3,1,0,0,4,3,0,0,0,0,2,6,0,0,0,8,0,0,0,0,5,2,1,2,5,0,5,2,1,5,1,2,0,2,0,2,1,2,3,0,1,1,2,1,2,3,0,1,4,95
214,"Uppuveli",0,1,1,1,1,6,1,1,1,0,2,0,1,1,2,1,0,0,0,0,1,3,0,0,1,0,0,0,0,0,1,0,1,0,0,1,0,0,0,1,0,0,1,0,0,0,0,1,0,1,1,1,34
117,"Uva-Provincial Council",1,1,1,2,0,0,6,0,1,0,0,1,0,1,0,0,0,1,0,2,0,0,1,0,3,3,6,3,4,1,2,2,2,1,0,3,1,1,1,0,2,2,1,3,3,0,0,0,1,2,0,0,65
83,"Vakarai",0,0,0,0,1,0,0,0,0,0,0,0,0,0,1,0,0,0,0,0,1,0,0,0,1,0,0,0,0,0,0,1,0,0,1,1,0,0,0,0,1,0,0,0,0,0,0,0,1,0,0,0,9
81,"Valaichcheni",0,1,1,0,0,0,0,0,0,0,2,1,0,0,0,0,0,0,1,0,0,0,0,0,1,2,1,0,1,1,1,0,0,0,0,0,0,0,0,0,0,1,0,1,0,0,0,2,1,0,3,0,21
150,"Vaunathivu",1,1,0,2,0,0,0,1,1,2,1,0,0,0,2,0,1,0,2,0,1,1,0,1,0,0,2,0,1,0,1,0,0,0,0,0,0,1,0,0,0,0,0,0,0,0,0,0,0,1,1,0,24
273,"Vavuniya",4,2,5,0,3,1,2,2,2,4,2,0,2,1,0,1,1,1,3,0,0,1,0,1,2,0,1,1,0,2,0,1,1,0,0,0,0,1,0,0,1,0,1,0,4,0,1,1,5,2,3,1,66
196,"Vavuniya(N",0,0,0,0,0,0,0,0,0,0,1,1,0,0,0,0,0,0,1,0,0,0,2,0,0,0,0,1,0,0,0,0,0,0,0,0,0,1,0,0,1,0,0,0,0,0,2,0,0,2,0,0,12
176,"Vavuniya(S",0,0,0,0,0,0,0,0,0,0,0,0,0,0,0,0,0,0,0,0,0,0,0,0,0,0,1,0,0,0,0,0,0,0,0,0,0,0,2,0,0,1,0,0,0,0,2,0,0,1,0,0,7
114,"Velanai",0,1,0,0,1,0,1,2,4,0,0,0,1,1,0,1,0,0,3,0,0,0,0,1,0,0,0,0,0,0,0,0,0,0,0,2,1,0,2,0,0,0,0,0,1,0,0,0,1,0,0,2,25
135,"Vellaveli",0,0,0,0,0,0,0,1,2,0,1,0,2,2,2,1,3,0,3,0,0,1,3,2,2,1,2,0,0,1,2,0,0,0,0,0,0,0,1,0,0,0,0,0,0,0,0,0,1,1,0,0,34
30,"Walallavita",0,0,0,1,3,2,0,0,0,1,2,1,1,0,1,1,2,1,0,0,2,3,2,3,2,2,1,2,3,2,0,2,0,2,0,3,1,0,2,2,0,1,1,2,1,1,1,1,1,3,1,1,64
321,"Walapone",0,0,0,0,0,1,0,0,0,0,2,1,0,0,0,0,0,1,0,1,0,0,0,0,1,0,0,0,0,0,0,0,0,0,1,0,1,1,0,1,0,1,0,1,0,0,1,0,0,0,1,1,16
191,"Walasmulla",1,2,0,0,0,1,2,1,0,2,0,2,2,1,0,1,3,1,0,1,1,1,1,2,0,0,1,1,0,0,1,1,1,1,3,1,0,1,0,1,0,0,3,0,0,1,2,1,0,2,0,1,47
211,"Warakapola",0,1,4,1,0,2,2,0,1,2,3,1,2,1,1,2,3,3,5,1,1,4,9,3,2,1,4,2,2,3,2,2,2,3,0,2,1,0,1,3,3,0,0,0,2,1,1,3,1,2,1,1,97
75,"Wariyapola",1,3,2,3,2,7,1,2,1,2,0,0,0,1,1,0,0,0,0,1,1,1,0,2,0,0,0,0,0,1,0,0,0,1,1,0,0,1,2,1,1,0,1,0,2,1,1,1,3,0,1,0,49
24,"Wattala",4,8,14,10,5,8,9,7,0,4,0,6,2,8,4,4,7,5,8,8,8,6,12,0,5,6,6,19,11,11,0,5,10,17,7,3,12,3,2,2,2,2,1,13,2,7,10,10,10,8,5,5,341
227,"Wattegama(",5,2,7,2,0,2,2,3,1,1,0,3,0,0,1,3,1,1,1,1,1,1,0,0,2,3,4,2,4,4,5,0,0,0,0,1,0,4,1,1,0,0,0,0,1,1,0,0,0,4,2,3,80
305,"Weeraketiya",0,0,0,0,0,0,0,0,2,0,0,0,0,0,0,2,0,0,0,0,0,0,0,0,0,0,1,0,0,0,0,0,2,0,0,0,0,0,0,0,0,0,0,0,0,0,0,0,0,0,0,0,7
74,"Weerambugedara",5,6,8,7,2,6,4,9,5,4,1,2,1,3,0,0,1,1,0,0,3,2,0,1,2,2,1,0,1,0,3,0,0,0,0,0,0,0,0,1,4,0,3,0,1,0,0,1,1,2,1,0,94
198,"Weligama",0,2,0,1,0,0,2,1,1,0,1,2,0,1,0,0,0,0,0,0,0,0,1,0,1,0,1,0,2,4,1,0,3,0,0,0,0,0,0,0,0,0,0,0,1,1,1,0,1,3,0,0,31
304,"Weligepola",0,0,2,0,0,1,0,2,1,0,1,1,3,1,0,0,0,0,0,1,2,1,0,1,0,0,2,0,0,0,1,0,0,0,2,0,0,0,0,0,0,0,1,0,1,0,1,1,0,0,2,0,28
34,"Welimada",0,3,2,0,0,0,2,0,0,1,2,0,0,1,1,0,1,1,1,0,0,0,1,0,2,5,0,2,0,1,0,0,0,1,2,1,0,0,1,0,0,1,3,1,1,1,1,0,0,1,2,0,42
166,"Welipitiya",0,1,0,1,0,2,1,0,1,2,1,0,0,0,1,2,0,0,0,0,0,1,0,0,0,0,1,0,0,1,2,0,0,0,0,0,0,1,1,0,0,0,0,0,0,0,2,0,1,0,0,0,22
178,"Wellawaya",1,2,0,1,0,0,1,0,1,0,0,2,0,0,1,0,0,0,0,0,0,1,0,0,2,1,1,0,1,0,0,1,1,0,0,0,0,0,0,0,1,0,0,0,0,0,2,1,0,0,1,1,23
193,"Wennappuwa",3,5,9,4,17,4,5,9,13,3,5,2,0,4,2,3,1,0,1,3,4,1,0,0,2,1,1,0,1,1,4,0,1,1,0,3,1,1,2,0,1,0,2,0,1,1,0,1,1,0,1,1,126
86,"Wilgamuwa",0,1,0,0,1,0,0,0,0,1,1,0,1,2,0,0,0,0,1,1,0,0,0,0,0,0,0,3,1,0,1,2,0,0,0,1,1,0,0,0,0,1,0,0,1,0,0,2,0,0,0,0,22
78,"Yakkalamulla",2,0,0,1,1,0,0,0,0,1,0,0,1,4,0,0,1,2,1,1,0,2,0,1,0,1,1,0,1,0,1,3,0,4,1,1,2,0,0,0,1,0,0,0,0,0,0,1,2,0,2,1,40
27,"Yatawatta",1,2,1,1,0,3,0,2,0,1,0,0,0,2,1,1,0,1,2,0,1,1,1,0,0,0,0,1,0,0,1,0,2,0,1,0,1,0,0,2,0,1,0,1,1,2,0,2,2,0,1,0,39
220,"Yatinuwara",2,8,4,3,7,8,7,7,6,1,2,6,0,1,8,6,0,4,3,2,4,10,6,9,9,2,9,2,8,5,6,3,12,3,5,3,5,4,2,4,3,3,4,3,3,1,6,0,0,5,2,3,229
266,"Yatiyantot",1,0,1,1,0,3,5,0,1,3,7,1,1,2,1,0,1,1,2,1,0,2,1,1,3,0,2,2,2,0,1,9,5,4,0,6,0,0,0,0,2,1,1,2,5,3,2,4,0,0,10,0,100
