LOCATION_ID,LATITUDE,LONGITUDE
1610,5.9336952944,80.596243648
1846,5.9426784064,80.461496968
1851,5.9426784064,80.506412528
1853,5.9426784064,80.524378752
1856,5.9426784064,80.551328088
1857,5.9426784064,80.5603112
2103,5.9516615184,80.51539564
2105,5.9516615184,80.533361864
2106,5.9516615184,80.542344976
2107,5.9516615184,80.551328088
2114,5.9516615184,80.614209872
2342,5.9606446304,80.407598296
2347,5.9606446304,80.452513856
2351,5.9606446304,80.488446304
2354,5.9606446304,80.51539564
2357,5.9606446304,80.542344976
2372,5.9606446304,80.677091656
2374,5.9606446304,80.69505788
2591,5.9696277424,80.389632072
2595,5.9696277424,80.42556452
2605,5.9696277424,80.51539564
2611,5.9696277424,80.569294312
2615,5.9696277424,80.60522676
2620,5.9696277424,80.65014232
2627,5.9696277424,80.713024104
2839,5.9786108544,80.362682736
2847,5.9786108544,80.434547632
3086,5.9875939664,80.326750288
3094,5.9875939664,80.398615184
3100,5.9875939664,80.452513856
3124,5.9875939664,80.668108544
3128,5.9875939664,80.704040992
3334,5.9965770784,80.299800952
3337,5.9965770784,80.326750288
3375,5.9965770784,80.668108544
3614,6.0055601904,80.5603112
3619,6.0055601904,80.60522676
3632,6.0055601904,80.722007216
3635,6.0055601904,80.748956552
3830,6.0145433024,80.24590228
3831,6.0145433024,80.254885392
3833,6.0145433024,80.272851616
3837,6.0145433024,80.308784064
3845,6.0145433024,80.38064896
3856,6.0145433024,80.479463192
3860,6.0145433024,80.51539564
3865,6.0145433024,80.5603112
4078,6.0235264144,80.218952944
4081,6.0235264144,80.24590228
4137,6.0235264144,80.748956552
4141,6.0235264144,80.784889
4142,6.0235264144,80.793872112
4328,6.0325095264,80.209969832
4329,6.0325095264,80.218952944
4341,6.0325095264,80.326750288
4345,6.0325095264,80.362682736
4348,6.0325095264,80.389632072
4354,6.0325095264,80.443530744
4372,6.0325095264,80.60522676
4577,6.0414926384,80.192003608
4578,6.0414926384,80.20098672
4580,6.0414926384,80.218952944
4582,6.0414926384,80.236919168
4605,6.0414926384,80.443530744
4608,6.0414926384,80.47048008
4631,6.0414926384,80.677091656
4636,6.0414926384,80.722007216
4637,6.0414926384,80.730990328
4829,6.0504757504,80.20098672
4830,6.0504757504,80.209969832
4831,6.0504757504,80.218952944
4834,6.0504757504,80.24590228
4837,6.0504757504,80.272851616
4852,6.0504757504,80.407598296
4863,6.0504757504,80.506412528
4868,6.0504757504,80.551328088
4890,6.0504757504,80.748956552
4891,6.0504757504,80.757939664
5078,6.0594588624,80.183020496
5081,6.0594588624,80.209969832
5084,6.0594588624,80.236919168
5127,6.0594588624,80.623192984
5153,6.0594588624,80.856753896
5327,6.0684419744,80.165054272
5329,6.0684419744,80.183020496
5333,6.0684419744,80.218952944
5334,6.0684419744,80.227936056
5339,6.0684419744,80.272851616
5369,6.0684419744,80.542344976
5402,6.0684419744,80.838787672
5410,6.0684419744,80.910652568
5577,6.0774250864,80.15607116
5581,6.0774250864,80.192003608
5592,6.0774250864,80.29081784
5612,6.0774250864,80.47048008
5623,6.0774250864,80.569294312
5876,6.0864081984,80.587260536
5893,6.0864081984,80.73997344
5898,6.0864081984,80.784889
6078,6.0953913104,80.147088048
6118,6.0953913104,80.506412528
6136,6.0953913104,80.668108544
6158,6.0953913104,80.865737008
6159,6.0953913104,80.87472012
6333,6.1043744224,80.183020496
6353,6.1043744224,80.362682736
6365,6.1043744224,80.47048008
6366,6.1043744224,80.479463192
6414,6.1043744224,80.910652568
6588,6.1133575344,80.218952944
6609,6.1133575344,80.407598296
6635,6.1133575344,80.641159208
6668,6.1133575344,80.937601904
6841,6.1223406464,80.236919168
6849,6.1223406464,80.308784064
6896,6.1223406464,80.730990328
6924,6.1223406464,80.982517464
6928,6.1223406464,81.018449912
6935,6.1223406464,81.081331696
6939,6.1223406464,81.117264144
7077,6.1313237584,80.102172488
7078,6.1313237584,80.1111556
7085,6.1313237584,80.174037384
7088,6.1313237584,80.20098672
7113,6.1313237584,80.42556452
7114,6.1313237584,80.434547632
7129,6.1313237584,80.569294312
7133,6.1313237584,80.60522676
7165,6.1313237584,80.892686344
7192,6.1313237584,81.135230368
7354,6.1403068704,80.3357334
7375,6.1403068704,80.524378752
7379,6.1403068704,80.5603112
7401,6.1403068704,80.757939664
7410,6.1403068704,80.838787672
7436,6.1403068704,81.072348584
7584,6.1492899824,80.147088048
7646,6.1492899824,80.704040992
7849,6.1582730944,80.272851616
7871,6.1582730944,80.47048008
7927,6.1582730944,80.973534352
7948,6.1582730944,81.162179704
8080,6.1672562064,80.093189376
8170,6.1672562064,80.901669456
8182,6.1672562064,81.0094668
8195,6.1672562064,81.126247256
8342,6.1762393184,80.192003608
8582,6.1852224304,80.093189376
8602,6.1852224304,80.272851616
8609,6.1852224304,80.3357334
8638,6.1852224304,80.596243648
8656,6.1852224304,80.757939664
8830,6.1942055424,80.06624004
8839,6.1942055424,80.147088048
8876,6.1942055424,80.479463192
8897,6.1942055424,80.668108544
8912,6.1942055424,80.802855224
8918,6.1942055424,80.856753896
8929,6.1942055424,80.955568128
8940,6.1942055424,81.05438236
8954,6.1942055424,81.180145928
9140,6.2031886544,80.596243648
9333,6.2121717664,80.075223152
9468,6.2121717664,81.287943272
9473,6.2121717664,81.332858832
9589,6.2211548784,80.120138712
9601,6.2211548784,80.227936056
9607,6.2211548784,80.281834728
9658,6.2211548784,80.73997344
9724,6.2211548784,81.332858832
9833,6.2301379904,80.057256928
10084,6.2391211024,80.057256928
10089,6.2391211024,80.102172488
10096,6.2391211024,80.165054272
10144,6.2391211024,80.596243648
10170,6.2391211024,80.82980456
10181,6.2391211024,80.928618792
10189,6.2391211024,81.000483688
10201,6.2391211024,81.108281032
10334,6.2481042144,80.048273816
10335,6.2481042144,80.057256928
10383,6.2481042144,80.488446304
10414,6.2481042144,80.766922776
10444,6.2481042144,81.036416136
10458,6.2481042144,81.162179704
10477,6.2481042144,81.332858832
10586,6.2570873264,80.057256928
10601,6.2570873264,80.192003608
10609,6.2570873264,80.263868504
10616,6.2570873264,80.326750288
10633,6.2570873264,80.479463192
10655,6.2570873264,80.677091656
10665,6.2570873264,80.766922776
10681,6.2570873264,80.910652568
10717,6.2570873264,81.2340446
10835,6.2660704384,80.039290704
10837,6.2660704384,80.057256928
10847,6.2660704384,80.147088048
10903,6.2660704384,80.65014232
10911,6.2660704384,80.722007216
10918,6.2660704384,80.784889
10973,6.2660704384,81.27896016
11087,6.2750535504,80.048273816
11092,6.2750535504,80.093189376
11128,6.2750535504,80.416581408
11222,6.2750535504,81.260993936
11223,6.2750535504,81.269977048
11225,6.2750535504,81.287943272
11238,6.2750535504,81.404723728
11361,6.2840366624,80.254885392
11393,6.2840366624,80.542344976
11424,6.2840366624,80.820821448
11601,6.2930197744,80.15607116
11682,6.2930197744,80.883703232
11704,6.2930197744,81.081331696
11858,6.3020028864,80.209969832
11884,6.3020028864,80.443530744
11901,6.3020028864,80.596243648
11946,6.3020028864,81.000483688
11960,6.3020028864,81.126247256
11972,6.3020028864,81.2340446
12089,6.3109859984,80.030307592
12090,6.3109859984,80.039290704
12096,6.3109859984,80.093189376
12120,6.3109859984,80.308784064
12157,6.3109859984,80.641159208
12230,6.3109859984,81.296926384
12383,6.3199691104,80.416581408
12431,6.3199691104,80.847770784
12601,6.3289522224,80.120138712
12625,6.3289522224,80.3357334
12632,6.3289522224,80.398615184
12842,6.3379353344,80.030307592
12875,6.3379353344,80.326750288
12901,6.3379353344,80.5603112
12913,6.3379353344,80.668108544
12933,6.3379353344,80.847770784
12934,6.3379353344,80.856753896
12985,6.3379353344,81.314892608
13099,6.3469184464,80.084206264
13114,6.3469184464,80.218952944
13150,6.3469184464,80.542344976
13175,6.3469184464,80.766922776
13183,6.3469184464,80.838787672
13222,6.3469184464,81.18912904
13358,6.3559015584,80.15607116
13444,6.3559015584,80.928618792
13455,6.3559015584,81.027433024
13456,6.3559015584,81.036416136
13670,6.3648846704,80.704040992
13694,6.3648846704,80.91963568
13845,6.3738677824,80.02132448
13849,6.3738677824,80.057256928
14011,6.3738677824,81.512521072
14095,6.3828508944,80.012341368
14133,6.3828508944,80.353699624
14161,6.3828508944,80.60522676
14167,6.3828508944,80.659125432
14184,6.3828508944,80.811838336
14241,6.3828508944,81.32387572
14255,6.3828508944,81.449639288
14349,6.3918340064,80.039290704
14350,6.3918340064,80.048273816
14375,6.3918340064,80.272851616
14452,6.3918340064,80.96455124
14475,6.3918340064,81.171162816
14620,6.4008171184,80.218952944
14673,6.4008171184,80.69505788
14745,6.4008171184,81.341841944
14859,6.4098002304,80.1111556
14936,6.4098002304,80.802855224
14995,6.4098002304,81.332858832
15097,6.4187833424,79.994375144
15098,6.4187833424,80.003358256
15246,6.4187833424,81.332858832
15349,6.4277664544,80.003358256
15440,6.4277664544,80.820821448
15600,6.4367495664,80.003358256
15656,6.4367495664,80.506412528
15672,6.4367495664,80.65014232
15699,6.4367495664,80.892686344
15714,6.4367495664,81.027433024
15725,6.4367495664,81.126247256
15744,6.4367495664,81.296926384
15849,6.4457326784,79.985392032
15850,6.4457326784,79.994375144
15851,6.4457326784,80.003358256
15853,6.4457326784,80.02132448
15871,6.4457326784,80.183020496
16100,6.4547157904,79.985392032
16105,6.4547157904,80.030307592
16114,6.4547157904,80.1111556
16171,6.4547157904,80.623192984
16184,6.4547157904,80.73997344
16400,6.4636989024,80.42556452
16414,6.4636989024,80.551328088
16601,6.4726820144,79.97640892
16604,6.4726820144,80.003358256
16625,6.4726820144,80.192003608
16670,6.4726820144,80.596243648
16853,6.4816651264,79.985392032
16868,6.4816651264,80.120138712
16932,6.4816651264,80.69505788
17232,6.4906482384,81.135230368
17355,6.4996313504,79.985392032
17358,6.4996313504,80.012341368
17367,6.4996313504,80.093189376
17635,6.5086144624,80.24590228
17673,6.5086144624,80.587260536
17681,6.5086144624,80.659125432
17884,6.5175975744,80.227936056
17984,6.5175975744,81.126247256
18108,6.5265806864,79.985392032
18115,6.5265806864,80.048273816
18118,6.5265806864,80.075223152
18123,6.5265806864,80.120138712
18139,6.5265806864,80.263868504
18154,6.5265806864,80.398615184
18160,6.5265806864,80.452513856
18177,6.5265806864,80.60522676
18185,6.5265806864,80.677091656
18383,6.5355637984,80.20098672
18404,6.5355637984,80.389632072
18427,6.5355637984,80.596243648
18466,6.5355637984,80.946585016
18616,6.5445469104,80.039290704
18629,6.5445469104,80.15607116
18861,6.5535300224,79.985392032
18866,6.5535300224,80.030307592
18925,6.5535300224,80.5603112
19110,6.5625131344,79.967425808
19112,6.5625131344,79.985392032
19114,6.5625131344,80.003358256
19122,6.5625131344,80.075223152
19360,6.5714962464,79.958442696
19443,6.5714962464,80.704040992
19481,6.5714962464,81.045399248
19611,6.5804793584,79.958442696
19612,6.5804793584,79.967425808
19618,6.5804793584,80.02132448
19633,6.5804793584,80.15607116
19678,6.5804793584,80.5603112
19878,6.5894624704,80.102172488
19913,6.5894624704,80.416581408
20113,6.5984455824,79.958442696
20114,6.5984455824,79.967425808
20116,6.5984455824,79.985392032
20170,6.5984455824,80.47048008
20363,6.6074286944,79.949459584
20387,6.6074286944,80.165054272
20396,6.6074286944,80.24590228
20436,6.6074286944,80.60522676
20616,6.6164118064,79.967425808
20621,6.6164118064,80.012341368
20628,6.6164118064,80.075223152
20651,6.6164118064,80.281834728
20671,6.6164118064,80.461496968
20682,6.6164118064,80.5603112
20864,6.6253949184,79.940476472
20882,6.6253949184,80.102172488
20931,6.6253949184,80.542344976
20995,6.6253949184,81.117264144
21115,6.6343780304,79.940476472
21118,6.6343780304,79.967425808
21201,6.6343780304,80.713024104
21373,6.6433611424,80.003358256
21377,6.6433611424,80.039290704
21392,6.6433611424,80.174037384
21407,6.6433611424,80.308784064
21428,6.6433611424,80.497429416
21448,6.6433611424,80.677091656
21617,6.6523442544,79.940476472
21619,6.6523442544,79.958442696
21639,6.6523442544,80.138104936
21658,6.6523442544,80.308784064
21663,6.6523442544,80.353699624
21701,6.6523442544,80.69505788
21721,6.6523442544,80.87472012
21868,6.6613273664,79.940476472
21871,6.6613273664,79.967425808
21999,6.6613273664,81.117264144
22126,6.6703104784,80.003358256
22133,6.6703104784,80.06624004
22174,6.6703104784,80.434547632
22176,6.6703104784,80.452513856
22205,6.6703104784,80.713024104
22368,6.6792935904,79.922510248
22395,6.6792935904,80.165054272
22419,6.6792935904,80.38064896
22420,6.6792935904,80.389632072
22421,6.6792935904,80.398615184
22422,6.6792935904,80.407598296
22619,6.6882767024,79.922510248
22630,6.6882767024,80.02132448
22634,6.6882767024,80.057256928
22671,6.6882767024,80.389632072
22673,6.6882767024,80.407598296
22700,6.6882767024,80.65014232
22751,6.6882767024,81.108281032
22768,6.6882767024,81.260993936
22869,6.6972598144,79.913527136
22877,6.6972598144,79.985392032
22928,6.6972598144,80.443530744
22940,6.6972598144,80.551328088
22955,6.6972598144,80.686074768
22963,6.6972598144,80.757939664
22966,6.6972598144,80.784889
23120,6.7062429264,79.913527136
23124,6.7062429264,79.949459584
23125,6.7062429264,79.958442696
23131,6.7062429264,80.012341368
23138,6.7062429264,80.075223152
23169,6.7062429264,80.353699624
23194,6.7062429264,80.578277424
23216,6.7062429264,80.775905888
23370,6.7152260384,79.904544024
23371,6.7152260384,79.913527136
23379,6.7152260384,79.985392032
23386,6.7152260384,80.048273816
23388,6.7152260384,80.06624004
23427,6.7152260384,80.416581408
23621,6.7242091504,79.904544024
23627,6.7242091504,79.958442696
23635,6.7242091504,80.030307592
23641,6.7242091504,80.084206264
23662,6.7242091504,80.272851616
23669,6.7242091504,80.3357334
23690,6.7242091504,80.524378752
23744,6.7242091504,81.0094668
23750,6.7242091504,81.063365472
23872,6.7331922624,79.904544024
23873,6.7331922624,79.913527136
23875,6.7331922624,79.93149336
23881,6.7331922624,79.985392032
23894,6.7331922624,80.102172488
23896,6.7331922624,80.120138712
23907,6.7331922624,80.218952944
23925,6.7331922624,80.38064896
23973,6.7331922624,80.811838336
24005,6.7331922624,81.09929792
24009,6.7331922624,81.135230368
24032,6.7331922624,81.341841944
24122,6.7421753744,79.895560912
24123,6.7421753744,79.904544024
24149,6.7421753744,80.138104936
24247,6.7421753744,81.018449912
24251,6.7421753744,81.05438236
24265,6.7421753744,81.180145928
24266,6.7421753744,81.18912904
24373,6.7511584864,79.895560912
24374,6.7511584864,79.904544024
24380,6.7511584864,79.958442696
24381,6.7511584864,79.967425808
24383,6.7511584864,79.985392032
24387,6.7511584864,80.02132448
24402,6.7511584864,80.15607116
24405,6.7511584864,80.183020496
24423,6.7511584864,80.344716512
24623,6.7601415984,79.8865778
24626,6.7601415984,79.913527136
24643,6.7601415984,80.06624004
24732,6.7601415984,80.865737008
24734,6.7601415984,80.883703232
24739,6.7601415984,80.928618792
24774,6.7601415984,81.243027712
24775,6.7601415984,81.252010824
24781,6.7601415984,81.305909496
24837,6.7601415984,81.808963768
24874,6.7691247104,79.8865778
24877,6.7691247104,79.913527136
24879,6.7691247104,79.93149336
24880,6.7691247104,79.940476472
24895,6.7691247104,80.075223152
24920,6.7691247104,80.299800952
24990,6.7691247104,80.928618792
24991,6.7691247104,80.937601904
24993,6.7691247104,80.955568128
25124,6.7781078224,79.877594688
25125,6.7781078224,79.8865778
25126,6.7781078224,79.895560912
25129,6.7781078224,79.922510248
25130,6.7781078224,79.93149336
25132,6.7781078224,79.949459584
25136,6.7781078224,79.985392032
25138,6.7781078224,80.003358256
25141,6.7781078224,80.030307592
25179,6.7781078224,80.371665848
25187,6.7781078224,80.443530744
25375,6.7870909344,79.877594688
25376,6.7870909344,79.8865778
25377,6.7870909344,79.895560912
25379,6.7870909344,79.913527136
25385,6.7870909344,79.967425808
25395,6.7870909344,80.057256928
25400,6.7870909344,80.102172488
25405,6.7870909344,80.147088048
25412,6.7870909344,80.209969832
25427,6.7870909344,80.344716512
25626,6.7960740464,79.877594688
25627,6.7960740464,79.8865778
25628,6.7960740464,79.895560912
25629,6.7960740464,79.904544024
25632,6.7960740464,79.93149336
25633,6.7960740464,79.940476472
25642,6.7960740464,80.02132448
25715,6.7960740464,80.677091656
25747,6.7960740464,80.96455124
25763,6.7960740464,81.108281032
25876,6.8050571584,79.868611576
25877,6.8050571584,79.877594688
25878,6.8050571584,79.8865778
25881,6.8050571584,79.913527136
25882,6.8050571584,79.922510248
25886,6.8050571584,79.958442696
25888,6.8050571584,79.97640892
25926,6.8050571584,80.317767176
25997,6.8050571584,80.955568128
26005,6.8050571584,81.027433024
26035,6.8050571584,81.296926384
26127,6.8140402704,79.868611576
26129,6.8140402704,79.8865778
26130,6.8140402704,79.895560912
26133,6.8140402704,79.922510248
26135,6.8140402704,79.940476472
26136,6.8140402704,79.949459584
26138,6.8140402704,79.967425808
26139,6.8140402704,79.97640892
26141,6.8140402704,79.994375144
26148,6.8140402704,80.057256928
26168,6.8140402704,80.236919168
26378,6.8230233824,79.868611576
26379,6.8230233824,79.877594688
26380,6.8230233824,79.8865778
26381,6.8230233824,79.895560912
26382,6.8230233824,79.904544024
26383,6.8230233824,79.913527136
26385,6.8230233824,79.93149336
26386,6.8230233824,79.940476472
26387,6.8230233824,79.949459584
26389,6.8230233824,79.967425808
26391,6.8230233824,79.985392032
26392,6.8230233824,79.994375144
26393,6.8230233824,80.003358256
26396,6.8230233824,80.030307592
26403,6.8230233824,80.093189376
26408,6.8230233824,80.138104936
26427,6.8230233824,80.308784064
26450,6.8230233824,80.51539564
26492,6.8230233824,80.892686344
26546,6.8230233824,81.377774392
26563,6.8230233824,81.530487296
26564,6.8230233824,81.539470408
26628,6.8320064944,79.859628464
26629,6.8320064944,79.868611576
26630,6.8320064944,79.877594688
26631,6.8320064944,79.8865778
26633,6.8320064944,79.904544024
26634,6.8320064944,79.913527136
26656,6.8320064944,80.1111556
26674,6.8320064944,80.272851616
26708,6.8320064944,80.578277424
26752,6.8320064944,80.973534352
26754,6.8320064944,80.991500576
26755,6.8320064944,81.000483688
26782,6.8320064944,81.243027712
26846,6.8320064944,81.81794688
26879,6.8409896064,79.859628464
26880,6.8409896064,79.868611576
26881,6.8409896064,79.877594688
26882,6.8409896064,79.8865778
26883,6.8409896064,79.895560912
26884,6.8409896064,79.904544024
26885,6.8409896064,79.913527136
26886,6.8409896064,79.922510248
26887,6.8409896064,79.93149336
26889,6.8409896064,79.949459584
26890,6.8409896064,79.958442696
26891,6.8409896064,79.967425808
26892,6.8409896064,79.97640892
26893,6.8409896064,79.985392032
26894,6.8409896064,79.994375144
26895,6.8409896064,80.003358256
26897,6.8409896064,80.02132448
26905,6.8409896064,80.093189376
26938,6.8409896064,80.389632072
26964,6.8409896064,80.623192984
27006,6.8409896064,81.000483688
27042,6.8409896064,81.32387572
27098,6.8409896064,81.826929992
27130,6.8499727184,79.859628464
27131,6.8499727184,79.868611576
27132,6.8499727184,79.877594688
27133,6.8499727184,79.8865778
27134,6.8499727184,79.895560912
27135,6.8499727184,79.904544024
27136,6.8499727184,79.913527136
27137,6.8499727184,79.922510248
27138,6.8499727184,79.93149336
27142,6.8499727184,79.967425808
27143,6.8499727184,79.97640892
27145,6.8499727184,79.994375144
27148,6.8499727184,80.02132448
27149,6.8499727184,80.030307592
27152,6.8499727184,80.057256928
27155,6.8499727184,80.084206264
27175,6.8499727184,80.263868504
27209,6.8499727184,80.569294312
27247,6.8499727184,80.910652568
27381,6.8589558304,79.859628464
27382,6.8589558304,79.868611576
27383,6.8589558304,79.877594688
27384,6.8589558304,79.8865778
27386,6.8589558304,79.904544024
27387,6.8589558304,79.913527136
27388,6.8589558304,79.922510248
27389,6.8589558304,79.93149336
27390,6.8589558304,79.940476472
27392,6.8589558304,79.958442696
27395,6.8589558304,79.985392032
27404,6.8589558304,80.06624004
27415,6.8589558304,80.165054272
27427,6.8589558304,80.272851616
27489,6.8589558304,80.82980456
27494,6.8589558304,80.87472012
27498,6.8589558304,80.910652568
27518,6.8589558304,81.090314808
27632,6.8679389424,79.859628464
27633,6.8679389424,79.868611576
27634,6.8679389424,79.877594688
27635,6.8679389424,79.8865778
27636,6.8679389424,79.895560912
27637,6.8679389424,79.904544024
27638,6.8679389424,79.913527136
27639,6.8679389424,79.922510248
27640,6.8679389424,79.93149336
27642,6.8679389424,79.949459584
27643,6.8679389424,79.958442696
27645,6.8679389424,79.97640892
27646,6.8679389424,79.985392032
27647,6.8679389424,79.994375144
27649,6.8679389424,80.012341368
27654,6.8679389424,80.057256928
27763,6.8679389424,81.036416136
27764,6.8679389424,81.045399248
27796,6.8679389424,81.332858832
27797,6.8679389424,81.341841944
27883,6.8769220544,79.859628464
27884,6.8769220544,79.868611576
27885,6.8769220544,79.877594688
27886,6.8769220544,79.8865778
27887,6.8769220544,79.895560912
27888,6.8769220544,79.904544024
27889,6.8769220544,79.913527136
27890,6.8769220544,79.922510248
27891,6.8769220544,79.93149336
27892,6.8769220544,79.940476472
27894,6.8769220544,79.958442696
27895,6.8769220544,79.967425808
27897,6.8769220544,79.985392032
27902,6.8769220544,80.030307592
27908,6.8769220544,80.084206264
27911,6.8769220544,80.1111556
27930,6.8769220544,80.281834728
27971,6.8769220544,80.65014232
28004,6.8769220544,80.946585016
28015,6.8769220544,81.045399248
28049,6.8769220544,81.350825056
28102,6.8769220544,81.826929992
28134,6.8859051664,79.859628464
28135,6.8859051664,79.868611576
28136,6.8859051664,79.877594688
28137,6.8859051664,79.8865778
28138,6.8859051664,79.895560912
28139,6.8859051664,79.904544024
28140,6.8859051664,79.913527136
28142,6.8859051664,79.93149336
28143,6.8859051664,79.940476472
28144,6.8859051664,79.949459584
28146,6.8859051664,79.967425808
28154,6.8859051664,80.039290704
28156,6.8859051664,80.057256928
28216,6.8859051664,80.596243648
28239,6.8859051664,80.802855224
28384,6.8948882784,79.850645352
28385,6.8948882784,79.859628464
28386,6.8948882784,79.868611576
28387,6.8948882784,79.877594688
28388,6.8948882784,79.8865778
28389,6.8948882784,79.895560912
28390,6.8948882784,79.904544024
28391,6.8948882784,79.913527136
28392,6.8948882784,79.922510248
28393,6.8948882784,79.93149336
28394,6.8948882784,79.940476472
28396,6.8948882784,79.958442696
28397,6.8948882784,79.967425808
28400,6.8948882784,79.994375144
28401,6.8948882784,80.003358256
28405,6.8948882784,80.039290704
28427,6.8948882784,80.236919168
28467,6.8948882784,80.596243648
28496,6.8948882784,80.856753896
28497,6.8948882784,80.865737008
28519,6.8948882784,81.063365472
28535,6.8948882784,81.207095264
28539,6.8948882784,81.243027712
28545,6.8948882784,81.296926384
28557,6.8948882784,81.404723728
28635,6.9038713904,79.850645352
28636,6.9038713904,79.859628464
28637,6.9038713904,79.868611576
28638,6.9038713904,79.877594688
28639,6.9038713904,79.8865778
28640,6.9038713904,79.895560912
28641,6.9038713904,79.904544024
28642,6.9038713904,79.913527136
28643,6.9038713904,79.922510248
28644,6.9038713904,79.93149336
28645,6.9038713904,79.940476472
28646,6.9038713904,79.949459584
28649,6.9038713904,79.97640892
28658,6.9038713904,80.057256928
28667,6.9038713904,80.138104936
28675,6.9038713904,80.209969832
28751,6.9038713904,80.892686344
28753,6.9038713904,80.910652568
28754,6.9038713904,80.91963568
28788,6.9038713904,81.225061488
28812,6.9038713904,81.440656176
28823,6.9038713904,81.539470408
28886,6.9128545024,79.850645352
28887,6.9128545024,79.859628464
28888,6.9128545024,79.868611576
28889,6.9128545024,79.877594688
28890,6.9128545024,79.8865778
28891,6.9128545024,79.895560912
28892,6.9128545024,79.904544024
28893,6.9128545024,79.913527136
28894,6.9128545024,79.922510248
28895,6.9128545024,79.93149336
28896,6.9128545024,79.940476472
28897,6.9128545024,79.949459584
28899,6.9128545024,79.967425808
28900,6.9128545024,79.97640892
28901,6.9128545024,79.985392032
28902,6.9128545024,79.994375144
28905,6.9128545024,80.02132448
28912,6.9128545024,80.084206264
28960,6.9128545024,80.51539564
28969,6.9128545024,80.596243648
29004,6.9128545024,80.910652568
29012,6.9128545024,80.982517464
29026,6.9128545024,81.108281032
29068,6.9128545024,81.485571736
29076,6.9128545024,81.557436632
29088,6.9128545024,81.665233976
29094,6.9128545024,81.719132648
29136,6.9218376144,79.84166224
29137,6.9218376144,79.850645352
29138,6.9218376144,79.859628464
29139,6.9218376144,79.868611576
29140,6.9218376144,79.877594688
29141,6.9218376144,79.8865778
29142,6.9218376144,79.895560912
29143,6.9218376144,79.904544024
29144,6.9218376144,79.913527136
29146,6.9218376144,79.93149336
29147,6.9218376144,79.940476472
29148,6.9218376144,79.949459584
29149,6.9218376144,79.958442696
29151,6.9218376144,79.97640892
29158,6.9218376144,80.039290704
29165,6.9218376144,80.102172488
29171,6.9218376144,80.15607116
29190,6.9218376144,80.326750288
29247,6.9218376144,80.838787672
29387,6.9308207264,79.84166224
29388,6.9308207264,79.850645352
29389,6.9308207264,79.859628464
29390,6.9308207264,79.868611576
29391,6.9308207264,79.877594688
29392,6.9308207264,79.8865778
29393,6.9308207264,79.895560912
29394,6.9308207264,79.904544024
29395,6.9308207264,79.913527136
29396,6.9308207264,79.922510248
29397,6.9308207264,79.93149336
29398,6.9308207264,79.940476472
29399,6.9308207264,79.949459584
29401,6.9308207264,79.967425808
29402,6.9308207264,79.97640892
29403,6.9308207264,79.985392032
29405,6.9308207264,80.003358256
29409,6.9308207264,80.039290704
29425,6.9308207264,80.183020496
29429,6.9308207264,80.218952944
29495,6.9308207264,80.811838336
29498,6.9308207264,80.838787672
29533,6.9308207264,81.153196592
29556,6.9308207264,81.359808168
29638,6.9398038384,79.84166224
29639,6.9398038384,79.850645352
29640,6.9398038384,79.859628464
29641,6.9398038384,79.868611576
29642,6.9398038384,79.877594688
29643,6.9398038384,79.8865778
29644,6.9398038384,79.895560912
29645,6.9398038384,79.904544024
29648,6.9398038384,79.93149336
29649,6.9398038384,79.940476472
29650,6.9398038384,79.949459584
29654,6.9398038384,79.985392032
29663,6.9398038384,80.06624004
29670,6.9398038384,80.129121824
29710,6.9398038384,80.488446304
29730,6.9398038384,80.668108544
29733,6.9398038384,80.69505788
29736,6.9398038384,80.722007216
29766,6.9398038384,80.991500576
29891,6.9487869504,79.859628464
29892,6.9487869504,79.868611576
29893,6.9487869504,79.877594688
29894,6.9487869504,79.8865778
29895,6.9487869504,79.895560912
29896,6.9487869504,79.904544024
29897,6.9487869504,79.913527136
29898,6.9487869504,79.922510248
29900,6.9487869504,79.940476472
29903,6.9487869504,79.967425808
29906,6.9487869504,79.994375144
29909,6.9487869504,80.02132448
29912,6.9487869504,80.048273816
29917,6.9487869504,80.093189376
29925,6.9487869504,80.165054272
29966,6.9487869504,80.533361864
30021,6.9487869504,81.027433024
30026,6.9487869504,81.072348584
30036,6.9487869504,81.162179704
30142,6.9577700624,79.859628464
30143,6.9577700624,79.868611576
30144,6.9577700624,79.877594688
30145,6.9577700624,79.8865778
30146,6.9577700624,79.895560912
30147,6.9577700624,79.904544024
30148,6.9577700624,79.913527136
30152,6.9577700624,79.949459584
30154,6.9577700624,79.967425808
30157,6.9577700624,79.994375144
30158,6.9577700624,80.003358256
30181,6.9577700624,80.209969832
30242,6.9577700624,80.757939664
30243,6.9577700624,80.766922776
30244,6.9577700624,80.775905888
30261,6.9577700624,80.928618792
30300,6.9577700624,81.27896016
30322,6.9577700624,81.476588624
30393,6.9667531744,79.859628464
30394,6.9667531744,79.868611576
30395,6.9667531744,79.877594688
30396,6.9667531744,79.8865778
30397,6.9667531744,79.895560912
30398,6.9667531744,79.904544024
30400,6.9667531744,79.922510248
30401,6.9667531744,79.93149336
30403,6.9667531744,79.949459584
30407,6.9667531744,79.985392032
30410,6.9667531744,80.012341368
30420,6.9667531744,80.102172488
30430,6.9667531744,80.192003608
30434,6.9667531744,80.227936056
30439,6.9667531744,80.272851616
30481,6.9667531744,80.65014232
30489,6.9667531744,80.722007216
30494,6.9667531744,80.766922776
30495,6.9667531744,80.775905888
30496,6.9667531744,80.784889
30645,6.9757362864,79.868611576
30646,6.9757362864,79.877594688
30647,6.9757362864,79.8865778
30648,6.9757362864,79.895560912
30649,6.9757362864,79.904544024
30650,6.9757362864,79.913527136
30651,6.9757362864,79.922510248
30652,6.9757362864,79.93149336
30653,6.9757362864,79.940476472
30654,6.9757362864,79.949459584
30661,6.9757362864,80.012341368
30664,6.9757362864,80.039290704
30666,6.9757362864,80.057256928
30669,6.9757362864,80.084206264
30673,6.9757362864,80.120138712
30683,6.9757362864,80.209969832
30745,6.9757362864,80.766922776
30750,6.9757362864,80.811838336
30777,6.9757362864,81.05438236
30780,6.9757362864,81.081331696
30812,6.9757362864,81.36879128
30897,6.9847193984,79.877594688
30898,6.9847193984,79.8865778
30899,6.9847193984,79.895560912
30900,6.9847193984,79.904544024
30901,6.9847193984,79.913527136
30902,6.9847193984,79.922510248
30903,6.9847193984,79.93149336
30904,6.9847193984,79.940476472
30908,6.9847193984,79.97640892
30909,6.9847193984,79.985392032
30912,6.9847193984,80.012341368
30913,6.9847193984,80.02132448
30928,6.9847193984,80.15607116
30953,6.9847193984,80.38064896
30979,6.9847193984,80.614209872
30994,6.9847193984,80.748956552
30995,6.9847193984,80.757939664
31027,6.9847193984,81.045399248
31028,6.9847193984,81.05438236
31029,6.9847193984,81.063365472
31082,6.9847193984,81.539470408
31148,6.9937025104,79.877594688
31149,6.9937025104,79.8865778
31150,6.9937025104,79.895560912
31151,6.9937025104,79.904544024
31152,6.9937025104,79.913527136
31156,6.9937025104,79.949459584
31157,6.9937025104,79.958442696
31161,6.9937025104,79.994375144
31166,6.9937025104,80.039290704
31172,6.9937025104,80.093189376
31274,6.9937025104,81.0094668
31281,6.9937025104,81.072348584
31369,6.9937025104,81.86286244
31398,7.0026856224,79.868611576
31401,7.0026856224,79.895560912
31407,7.0026856224,79.949459584
31408,7.0026856224,79.958442696
31409,7.0026856224,79.967425808
31410,7.0026856224,79.97640892
31413,7.0026856224,80.003358256
31419,7.0026856224,80.057256928
31427,7.0026856224,80.129121824
31457,7.0026856224,80.398615184
31466,7.0026856224,80.479463192
31651,7.0116687344,79.8865778
31652,7.0116687344,79.895560912
31656,7.0116687344,79.93149336
31660,7.0116687344,79.967425808
31663,7.0116687344,79.994375144
31666,7.0116687344,80.02132448
31675,7.0116687344,80.102172488
31738,7.0116687344,80.668108544
31754,7.0116687344,80.811838336
31782,7.0116687344,81.063365472
31903,7.0206518464,79.895560912
31904,7.0206518464,79.904544024
31905,7.0206518464,79.913527136
31906,7.0206518464,79.922510248
31908,7.0206518464,79.940476472
31912,7.0206518464,79.97640892
31921,7.0206518464,80.057256928
31928,7.0206518464,80.120138712
31949,7.0206518464,80.308784064
32028,7.0206518464,81.018449912
32032,7.0206518464,81.05438236
32045,7.0206518464,81.171162816
32150,7.0296349584,79.859628464
32155,7.0296349584,79.904544024
32157,7.0296349584,79.922510248
32161,7.0296349584,79.958442696
32162,7.0296349584,79.967425808
32167,7.0296349584,80.012341368
32169,7.0296349584,80.030307592
32175,7.0296349584,80.084206264
32182,7.0296349584,80.147088048
32185,7.0296349584,80.174037384
32195,7.0296349584,80.263868504
32235,7.0296349584,80.623192984
32404,7.0386180704,79.8865778
32405,7.0386180704,79.895560912
32410,7.0386180704,79.940476472
32411,7.0386180704,79.949459584
32415,7.0386180704,79.985392032
32449,7.0386180704,80.29081784
32490,7.0386180704,80.659125432
32558,7.0386180704,81.269977048
32622,7.0386180704,81.844896216
32656,7.0476011824,79.895560912
32658,7.0476011824,79.913527136
32660,7.0476011824,79.93149336
32662,7.0476011824,79.949459584
32668,7.0476011824,80.003358256
32682,7.0476011824,80.129121824
32697,7.0476011824,80.263868504
32712,7.0476011824,80.398615184
32729,7.0476011824,80.551328088
32739,7.0476011824,80.641159208
32742,7.0476011824,80.668108544
32744,7.0476011824,80.686074768
32802,7.0476011824,81.207095264
32834,7.0476011824,81.494554848
32905,7.0565842944,79.877594688
32907,7.0565842944,79.895560912
32912,7.0565842944,79.940476472
32916,7.0565842944,79.97640892
32922,7.0565842944,80.030307592
32924,7.0565842944,80.048273816
32926,7.0565842944,80.06624004
32929,7.0565842944,80.093189376
32977,7.0565842944,80.524378752
32978,7.0565842944,80.533361864
33154,7.0655674064,79.859628464
33158,7.0655674064,79.895560912
33160,7.0655674064,79.913527136
33165,7.0655674064,79.958442696
33170,7.0655674064,80.003358256
33186,7.0655674064,80.147088048
33286,7.0655674064,81.045399248
33405,7.0745505184,79.859628464
33409,7.0745505184,79.895560912
33412,7.0745505184,79.922510248
33418,7.0745505184,79.97640892
33420,7.0745505184,79.994375144
33424,7.0745505184,80.030307592
33435,7.0745505184,80.129121824
33442,7.0745505184,80.192003608
33519,7.0745505184,80.883703232
33594,7.0745505184,81.557436632
33656,7.0835336304,79.859628464
33659,7.0835336304,79.8865778
33662,7.0835336304,79.913527136
33664,7.0835336304,79.93149336
33666,7.0835336304,79.949459584
33669,7.0835336304,79.97640892
33673,7.0835336304,80.012341368
33675,7.0835336304,80.030307592
33694,7.0835336304,80.20098672
33724,7.0835336304,80.47048008
33742,7.0835336304,80.632176096
33812,7.0835336304,81.260993936
33909,7.0925167424,79.877594688
33911,7.0925167424,79.895560912
33912,7.0925167424,79.904544024
33913,7.0925167424,79.913527136
33922,7.0925167424,79.994375144
33923,7.0925167424,80.003358256
33924,7.0925167424,80.012341368
33931,7.0925167424,80.075223152
33935,7.0925167424,80.1111556
33986,7.0925167424,80.569294312
34013,7.0925167424,80.811838336
34160,7.1014998544,79.877594688
34161,7.1014998544,79.8865778
34162,7.1014998544,79.895560912
34163,7.1014998544,79.904544024
34167,7.1014998544,79.940476472
34190,7.1014998544,80.147088048
34211,7.1014998544,80.3357334
34303,7.1014998544,81.162179704
34380,7.1014998544,81.853879328
34407,7.1104829664,79.84166224
34413,7.1104829664,79.895560912
34423,7.1104829664,79.985392032
34424,7.1104829664,79.994375144
34427,7.1104829664,80.02132448
34430,7.1104829664,80.048273816
34437,7.1104829664,80.1111556
34440,7.1104829664,80.138104936
34486,7.1104829664,80.551328088
34495,7.1104829664,80.632176096
34510,7.1104829664,80.766922776
34520,7.1104829664,80.856753896
34528,7.1104829664,80.928618792
34563,7.1104829664,81.243027712
34662,7.1194660784,79.877594688
34667,7.1194660784,79.922510248
34668,7.1194660784,79.93149336
34670,7.1194660784,79.949459584
34672,7.1194660784,79.967425808
34673,7.1194660784,79.97640892
34676,7.1194660784,80.003358256
34679,7.1194660784,80.030307592
34682,7.1194660784,80.057256928
34695,7.1194660784,80.174037384
34710,7.1194660784,80.308784064
34714,7.1194660784,80.344716512
34720,7.1194660784,80.398615184
34882,7.1194660784,81.853879328
34913,7.1284491904,79.877594688
34914,7.1284491904,79.8865778
34915,7.1284491904,79.895560912
34924,7.1284491904,79.97640892
34925,7.1284491904,79.985392032
34934,7.1284491904,80.06624004
34939,7.1284491904,80.1111556
34959,7.1284491904,80.29081784
34990,7.1284491904,80.569294312
35102,7.1284491904,81.575402856
35164,7.1374323024,79.877594688
35166,7.1374323024,79.895560912
35173,7.1374323024,79.958442696
35178,7.1374323024,80.003358256
35183,7.1374323024,80.048273816
35185,7.1374323024,80.06624004
35187,7.1374323024,80.084206264
35193,7.1374323024,80.138104936
35203,7.1374323024,80.227936056
35218,7.1374323024,80.362682736
35237,7.1374323024,80.533361864
35244,7.1374323024,80.596243648
35249,7.1374323024,80.641159208
35295,7.1374323024,81.05438236
35368,7.1374323024,81.710149536
35410,7.1464154144,79.832679128
35414,7.1464154144,79.868611576
35415,7.1464154144,79.877594688
35417,7.1464154144,79.895560912
35421,7.1464154144,79.93149336
35440,7.1464154144,80.102172488
35455,7.1464154144,80.236919168
35492,7.1464154144,80.569294312
35515,7.1464154144,80.775905888
35665,7.1553985264,79.868611576
35675,7.1553985264,79.958442696
35683,7.1553985264,80.030307592
35686,7.1553985264,80.057256928
35700,7.1553985264,80.183020496
35745,7.1553985264,80.587260536
35755,7.1553985264,80.677091656
35769,7.1553985264,80.802855224
35916,7.1643816384,79.868611576
35917,7.1643816384,79.877594688
35918,7.1643816384,79.8865778
35919,7.1643816384,79.895560912
35921,7.1643816384,79.913527136
35929,7.1643816384,79.985392032
35931,7.1643816384,80.003358256
35941,7.1643816384,80.093189376
35944,7.1643816384,80.120138712
35971,7.1643816384,80.362682736
35981,7.1643816384,80.452513856
35992,7.1643816384,80.551328088
35994,7.1643816384,80.569294312
36067,7.1643816384,81.225061488
36162,7.1733647504,79.823696016
36167,7.1733647504,79.868611576
36169,7.1733647504,79.8865778
36170,7.1733647504,79.895560912
36173,7.1733647504,79.922510248
36176,7.1733647504,79.949459584
36177,7.1733647504,79.958442696
36205,7.1733647504,80.209969832
36237,7.1733647504,80.497429416
36245,7.1733647504,80.569294312
36246,7.1733647504,80.578277424
36293,7.1733647504,81.000483688
36311,7.1733647504,81.162179704
36417,7.1823478624,79.859628464
36420,7.1823478624,79.8865778
36421,7.1823478624,79.895560912
36441,7.1823478624,80.075223152
36448,7.1823478624,80.138104936
36494,7.1823478624,80.551328088
36498,7.1823478624,80.587260536
36502,7.1823478624,80.623192984
36510,7.1823478624,80.69505788
36513,7.1823478624,80.722007216
36519,7.1823478624,80.775905888
36524,7.1823478624,80.820821448
36576,7.1823478624,81.287943272
36668,7.1913309744,79.859628464
36673,7.1913309744,79.904544024
36675,7.1913309744,79.922510248
36677,7.1913309744,79.940476472
36679,7.1913309744,79.958442696
36682,7.1913309744,79.985392032
36688,7.1913309744,80.039290704
36690,7.1913309744,80.057256928
36711,7.1913309744,80.24590228
36717,7.1913309744,80.299800952
36758,7.1913309744,80.668108544
36889,7.1913309744,81.844896216
36915,7.2003140864,79.823696016
36918,7.2003140864,79.850645352
36933,7.2003140864,79.985392032
36934,7.2003140864,79.994375144
36953,7.2003140864,80.165054272
36959,7.2003140864,80.218952944
36996,7.2003140864,80.551328088
36999,7.2003140864,80.578277424
37001,7.2003140864,80.596243648
37167,7.2092971984,79.832679128
37168,7.2092971984,79.84166224
37169,7.2092971984,79.850645352
37172,7.2092971984,79.877594688
37176,7.2092971984,79.913527136
37178,7.2092971984,79.93149336
37179,7.2092971984,79.940476472
37182,7.2092971984,79.967425808
37192,7.2092971984,80.057256928
37200,7.2092971984,80.129121824
37206,7.2092971984,80.183020496
37232,7.2092971984,80.416581408
37239,7.2092971984,80.479463192
37270,7.2092971984,80.757939664
37298,7.2092971984,81.0094668
37304,7.2092971984,81.063365472
37419,7.2182803104,79.84166224
37421,7.2182803104,79.859628464
37423,7.2182803104,79.877594688
37425,7.2182803104,79.895560912
37446,7.2182803104,80.084206264
37454,7.2182803104,80.15607116
37477,7.2182803104,80.362682736
37487,7.2182803104,80.452513856
37501,7.2182803104,80.578277424
37503,7.2182803104,80.596243648
37513,7.2182803104,80.686074768
37523,7.2182803104,80.775905888
37562,7.2182803104,81.126247256
37609,7.2182803104,81.54845352
37642,7.2182803104,81.844896216
37643,7.2182803104,81.853879328
37670,7.2272634224,79.84166224
37671,7.2272634224,79.850645352
37672,7.2272634224,79.859628464
37676,7.2272634224,79.895560912
37688,7.2272634224,80.003358256
37689,7.2272634224,80.012341368
37690,7.2272634224,80.02132448
37695,7.2272634224,80.06624004
37701,7.2272634224,80.120138712
37710,7.2272634224,80.20098672
37711,7.2272634224,80.209969832
37754,7.2272634224,80.596243648
37874,7.2272634224,81.674217088
37891,7.2272634224,81.826929992
37893,7.2272634224,81.844896216
37894,7.2272634224,81.853879328
37926,7.2362465344,79.8865778
37928,7.2362465344,79.904544024
37929,7.2362465344,79.913527136
37932,7.2362465344,79.940476472
37936,7.2362465344,79.97640892
37943,7.2362465344,80.039290704
37952,7.2362465344,80.120138712
37962,7.2362465344,80.209969832
37968,7.2362465344,80.263868504
38003,7.2362465344,80.578277424
38060,7.2362465344,81.090314808
38145,7.2362465344,81.853879328
38172,7.2452296464,79.84166224
38173,7.2452296464,79.850645352
38178,7.2452296464,79.895560912
38200,7.2452296464,80.093189376
38204,7.2452296464,80.129121824
38209,7.2452296464,80.174037384
38215,7.2452296464,80.227936056
38220,7.2452296464,80.272851616
38225,7.2452296464,80.317767176
38228,7.2452296464,80.344716512
38230,7.2452296464,80.362682736
38243,7.2452296464,80.479463192
38247,7.2452296464,80.51539564
38255,7.2452296464,80.587260536
38263,7.2452296464,80.659125432
38268,7.2452296464,80.704040992
38272,7.2452296464,80.73997344
38367,7.2452296464,81.59336908
38381,7.2452296464,81.719132648
38423,7.2542127584,79.84166224
38425,7.2542127584,79.859628464
38426,7.2542127584,79.868611576
38431,7.2542127584,79.913527136
38440,7.2542127584,79.994375144
38479,7.2542127584,80.344716512
38481,7.2542127584,80.362682736
38483,7.2542127584,80.38064896
38488,7.2542127584,80.42556452
38490,7.2542127584,80.443530744
38498,7.2542127584,80.51539564
38499,7.2542127584,80.524378752
38500,7.2542127584,80.533361864
38505,7.2542127584,80.578277424
38506,7.2542127584,80.587260536
38508,7.2542127584,80.60522676
38517,7.2542127584,80.686074768
38534,7.2542127584,80.838787672
38648,7.2542127584,81.86286244
38674,7.2631958704,79.84166224
38676,7.2631958704,79.859628464
38679,7.2631958704,79.8865778
38684,7.2631958704,79.93149336
38693,7.2631958704,80.012341368
38697,7.2631958704,80.048273816
38716,7.2631958704,80.218952944
38722,7.2631958704,80.272851616
38736,7.2631958704,80.398615184
38738,7.2631958704,80.416581408
38752,7.2631958704,80.542344976
38753,7.2631958704,80.551328088
38758,7.2631958704,80.596243648
38760,7.2631958704,80.614209872
38761,7.2631958704,80.623192984
38762,7.2631958704,80.632176096
38766,7.2631958704,80.668108544
38769,7.2631958704,80.69505788
38778,7.2631958704,80.775905888
38812,7.2631958704,81.081331696
38939,7.2721789824,79.967425808
38953,7.2721789824,80.093189376
38958,7.2721789824,80.138104936
38967,7.2721789824,80.218952944
39006,7.2721789824,80.569294312
39008,7.2721789824,80.587260536
39010,7.2721789824,80.60522676
39011,7.2721789824,80.614209872
39017,7.2721789824,80.668108544
39113,7.2721789824,81.530487296
39148,7.2721789824,81.844896216
39149,7.2721789824,81.853879328
39176,7.2811620944,79.84166224
39178,7.2811620944,79.859628464
39191,7.2811620944,79.97640892
39201,7.2811620944,80.06624004
39230,7.2811620944,80.326750288
39236,7.2811620944,80.38064896
39246,7.2811620944,80.47048008
39252,7.2811620944,80.524378752
39255,7.2811620944,80.551328088
39260,7.2811620944,80.596243648
39262,7.2811620944,80.614209872
39263,7.2811620944,80.623192984
39268,7.2811620944,80.668108544
39269,7.2811620944,80.677091656
39271,7.2811620944,80.69505788
39274,7.2811620944,80.722007216
39275,7.2811620944,80.730990328
39375,7.2811620944,81.629301528
39391,7.2811620944,81.77303132
39427,7.2901452064,79.84166224
39428,7.2901452064,79.850645352
39430,7.2901452064,79.868611576
39433,7.2901452064,79.895560912
39446,7.2901452064,80.012341368
39457,7.2901452064,80.1111556
39514,7.2901452064,80.623192984
39515,7.2901452064,80.632176096
39516,7.2901452064,80.641159208
39517,7.2901452064,80.65014232
39535,7.2901452064,80.811838336
39554,7.2901452064,80.982517464
39559,7.2901452064,81.027433024
39631,7.2901452064,81.674217088
39632,7.2901452064,81.6832002
39633,7.2901452064,81.692183312
39652,7.2901452064,81.86286244
39683,7.2991283184,79.8865778
39687,7.2991283184,79.922510248
39706,7.2991283184,80.093189376
39710,7.2991283184,80.129121824
39722,7.2991283184,80.236919168
39731,7.2991283184,80.317767176
39750,7.2991283184,80.488446304
39755,7.2991283184,80.533361864
39759,7.2991283184,80.569294312
39762,7.2991283184,80.596243648
39764,7.2991283184,80.614209872
39765,7.2991283184,80.623192984
39766,7.2991283184,80.632176096
39767,7.2991283184,80.641159208
39769,7.2991283184,80.659125432
39772,7.2991283184,80.686074768
39776,7.2991283184,80.722007216
39777,7.2991283184,80.730990328
39790,7.2991283184,80.847770784
39791,7.2991283184,80.856753896
39796,7.2991283184,80.901669456
39832,7.2991283184,81.225061488
39883,7.2991283184,81.6832002
39930,7.3081114304,79.850645352
39932,7.3081114304,79.868611576
39941,7.3081114304,79.949459584
39948,7.3081114304,80.012341368
39969,7.3081114304,80.20098672
40018,7.3081114304,80.641159208
40031,7.3081114304,80.757939664
40133,7.3081114304,81.674217088
40180,7.3170945424,79.84166224
40188,7.3170945424,79.913527136
40196,7.3170945424,79.985392032
40242,7.3170945424,80.398615184
40246,7.3170945424,80.434547632
40259,7.3170945424,80.551328088
40264,7.3170945424,80.596243648
40267,7.3170945424,80.623192984
40268,7.3170945424,80.632176096
40270,7.3170945424,80.65014232
40276,7.3170945424,80.704040992
40286,7.3170945424,80.793872112
40295,7.3170945424,80.87472012
40431,7.3260776544,79.84166224
40432,7.3260776544,79.850645352
40442,7.3260776544,79.940476472
40447,7.3260776544,79.985392032
40448,7.3260776544,79.994375144
40451,7.3260776544,80.02132448
40457,7.3260776544,80.075223152
40500,7.3260776544,80.461496968
40512,7.3260776544,80.569294312
40518,7.3260776544,80.623192984
40519,7.3260776544,80.632176096
40522,7.3260776544,80.659125432
40524,7.3260776544,80.677091656
40525,7.3260776544,80.686074768
40532,7.3260776544,80.748956552
40560,7.3260776544,81.000483688
40566,7.3260776544,81.05438236
40633,7.3260776544,81.656250864
40687,7.3350607664,79.8865778
40713,7.3350607664,80.120138712
40719,7.3350607664,80.174037384
40732,7.3350607664,80.29081784
40733,7.3350607664,80.299800952
40766,7.3350607664,80.596243648
40810,7.3350607664,80.991500576
40894,7.3350607664,81.746081984
40933,7.3440438784,79.84166224
40936,7.3440438784,79.868611576
40939,7.3440438784,79.895560912
40954,7.3440438784,80.030307592
40982,7.3440438784,80.281834728
41021,7.3440438784,80.632176096
41024,7.3440438784,80.659125432
41061,7.3440438784,80.991500576
41145,7.3440438784,81.746081984
41157,7.3440438784,81.853879328
41183,7.3530269904,79.832679128
41200,7.3530269904,79.985392032
41262,7.3530269904,80.542344976
41265,7.3530269904,80.569294312
41270,7.3530269904,80.614209872
41277,7.3530269904,80.677091656
41318,7.3530269904,81.045399248
41401,7.3530269904,81.790997544
41407,7.3530269904,81.844896216
41437,7.3620101024,79.859628464
41459,7.3620101024,80.057256928
41465,7.3620101024,80.1111556
41469,7.3620101024,80.147088048
41508,7.3620101024,80.497429416
41520,7.3620101024,80.60522676
41522,7.3620101024,80.623192984
41526,7.3620101024,80.659125432
41532,7.3620101024,80.713024104
41558,7.3620101024,80.946585016
41635,7.3620101024,81.63828464
41653,7.3620101024,81.799980656
41658,7.3620101024,81.844896216
41692,7.3709932144,79.895560912
41696,7.3709932144,79.93149336
41764,7.3709932144,80.542344976
41772,7.3709932144,80.614209872
41893,7.3709932144,81.701166424
41904,7.3709932144,81.799980656
41905,7.3709932144,81.808963768
41936,7.3799763264,79.832679128
41941,7.3799763264,79.877594688
41958,7.3799763264,80.030307592
41990,7.3799763264,80.317767176
42023,7.3799763264,80.614209872
42026,7.3799763264,80.641159208
42029,7.3799763264,80.668108544
42074,7.3799763264,81.072348584
42085,7.3799763264,81.171162816
42095,7.3799763264,81.260993936
42147,7.3799763264,81.72811576
42160,7.3799763264,81.844896216
42200,7.3889594384,79.949459584
42213,7.3889594384,80.06624004
42267,7.3889594384,80.551328088
42271,7.3889594384,80.587260536
42274,7.3889594384,80.614209872
42283,7.3889594384,80.69505788
42291,7.3889594384,80.766922776
42342,7.3889594384,81.225061488
42411,7.3889594384,81.844896216
42438,7.3979425504,79.832679128
42454,7.3979425504,79.97640892
42471,7.3979425504,80.129121824
42478,7.3979425504,80.192003608
42487,7.3979425504,80.272851616
42503,7.3979425504,80.416581408
42514,7.3979425504,80.51539564
42521,7.3979425504,80.578277424
42533,7.3979425504,80.686074768
42644,7.3979425504,81.6832002
42661,7.3979425504,81.835913104
42695,7.4069256624,79.8865778
42744,7.4069256624,80.326750288
42750,7.4069256624,80.38064896
42846,7.4069256624,81.243027712
42905,7.4069256624,81.77303132
42912,7.4069256624,81.835913104
42939,7.4159087744,79.823696016
42940,7.4159087744,79.832679128
42944,7.4159087744,79.868611576
42949,7.4159087744,79.913527136
43011,7.4159087744,80.47048008
43021,7.4159087744,80.5603112
43030,7.4159087744,80.641159208
43151,7.4159087744,81.72811576
43160,7.4159087744,81.808963768
43162,7.4159087744,81.826929992
43213,7.4248918864,80.030307592
43220,7.4248918864,80.093189376
43261,7.4248918864,80.461496968
43412,7.4248918864,81.81794688
43413,7.4248918864,81.826929992
43440,7.4338749984,79.814712904
43443,7.4338749984,79.84166224
43449,7.4338749984,79.895560912
43483,7.4338749984,80.20098672
43484,7.4338749984,80.209969832
43494,7.4338749984,80.299800952
43518,7.4338749984,80.51539564
43523,7.4338749984,80.5603112
43526,7.4338749984,80.587260536
43530,7.4338749984,80.623192984
43571,7.4338749984,80.991500576
43642,7.4338749984,81.629301528
43662,7.4338749984,81.808963768
43738,7.4428581104,80.236919168
43760,7.4428581104,80.434547632
43779,7.4428581104,80.60522676
43914,7.4428581104,81.81794688
43957,7.4518412224,79.949459584
43980,7.4518412224,80.15607116
43984,7.4518412224,80.192003608
43992,7.4518412224,80.263868504
43995,7.4518412224,80.29081784
44002,7.4518412224,80.353699624
44039,7.4518412224,80.686074768
44194,7.4608243344,79.823696016
44197,7.4608243344,79.850645352
44204,7.4608243344,79.913527136
44215,7.4608243344,80.012341368
44226,7.4608243344,80.1111556
44247,7.4608243344,80.299800952
44255,7.4608243344,80.371665848
44282,7.4608243344,80.614209872
44284,7.4608243344,80.632176096
44356,7.4608243344,81.27896016
44470,7.4698074464,80.048273816
44486,7.4698074464,80.192003608
44503,7.4698074464,80.344716512
44504,7.4698074464,80.353699624
44510,7.4698074464,80.407598296
44517,7.4698074464,80.47048008
44534,7.4698074464,80.623192984
44578,7.4698074464,81.018449912
44666,7.4698074464,81.808963768
44694,7.4787905584,79.805729792
44697,7.4787905584,79.832679128
44716,7.4787905584,80.003358256
44724,7.4787905584,80.075223152
44743,7.4787905584,80.24590228
44755,7.4787905584,80.353699624
44756,7.4787905584,80.362682736
44757,7.4787905584,80.371665848
44758,7.4787905584,80.38064896
44786,7.4787905584,80.632176096
44787,7.4787905584,80.641159208
44911,7.4787905584,81.755065096
44963,7.4877736704,79.967425808
45005,7.4877736704,80.344716512
45006,7.4877736704,80.353699624
45007,7.4877736704,80.362682736
45008,7.4877736704,80.371665848
45039,7.4877736704,80.65014232
45114,7.4877736704,81.32387572
45168,7.4877736704,81.808963768
45200,7.4967567824,79.84166224
45203,7.4967567824,79.868611576
45208,7.4967567824,79.913527136
45237,7.4967567824,80.174037384
45254,7.4967567824,80.326750288
45256,7.4967567824,80.344716512
45258,7.4967567824,80.362682736
45261,7.4967567824,80.389632072
45265,7.4967567824,80.42556452
45266,7.4967567824,80.434547632
45401,7.4967567824,81.647267752
45479,7.5057398944,80.093189376
45502,7.5057398944,80.299800952
45507,7.5057398944,80.344716512
45509,7.5057398944,80.362682736
45526,7.5057398944,80.51539564
45538,7.5057398944,80.623192984
45582,7.5057398944,81.018449912
45661,7.5057398944,81.72811576
45701,7.5147230064,79.832679128
45703,7.5147230064,79.850645352
45716,7.5147230064,79.967425808
45720,7.5147230064,80.003358256
45725,7.5147230064,80.048273816
45735,7.5147230064,80.138104936
45747,7.5147230064,80.24590228
45766,7.5147230064,80.416581408
45793,7.5147230064,80.659125432
45795,7.5147230064,80.677091656
45919,7.5147230064,81.790997544
45948,7.5237061184,79.79674668
46008,7.5237061184,80.3357334
46036,7.5237061184,80.587260536
46041,7.5237061184,80.632176096
46052,7.5237061184,80.730990328
46074,7.5237061184,80.928618792
46145,7.5237061184,81.566419744
46202,7.5326892304,79.823696016
46209,7.5326892304,79.8865778
46242,7.5326892304,80.183020496
46265,7.5326892304,80.389632072
46372,7.5326892304,81.350825056
46384,7.5326892304,81.4586224
46455,7.5416723424,79.84166224
46508,7.5416723424,80.317767176
46523,7.5416723424,80.452513856
46538,7.5416723424,80.587260536
46565,7.5416723424,80.82980456
46574,7.5416723424,80.910652568
46626,7.5416723424,81.377774392
46700,7.5506554544,79.787763568
46738,7.5506554544,80.129121824
46770,7.5506554544,80.416581408
46778,7.5506554544,80.488446304
46787,7.5506554544,80.569294312
46803,7.5506554544,80.713024104
46954,7.5596385664,79.814712904
46964,7.5596385664,79.904544024
46972,7.5596385664,79.97640892
46976,7.5596385664,80.012341368
46981,7.5596385664,80.057256928
47011,7.5596385664,80.326750288
47015,7.5596385664,80.362682736
47047,7.5596385664,80.65014232
47253,7.5686216784,80.24590228
47288,7.5686216784,80.5603112
47295,7.5686216784,80.623192984
47342,7.5686216784,81.045399248
47454,7.5776047904,79.79674668
47535,7.5776047904,80.524378752
47543,7.5776047904,80.596243648
47705,7.5865879024,79.79674668
47709,7.5865879024,79.832679128
47711,7.5865879024,79.850645352
47758,7.5865879024,80.272851616
47806,7.5865879024,80.704040992
47889,7.5865879024,81.449639288
47926,7.5865879024,81.782014432
47968,7.5955710144,79.904544024
47972,7.5955710144,79.940476472
47977,7.5955710144,79.985392032
47982,7.5955710144,80.030307592
48032,7.5955710144,80.479463192
48209,7.6045541264,79.814712904
48239,7.6045541264,80.084206264
48244,7.6045541264,80.129121824
48278,7.6045541264,80.434547632
48420,7.6045541264,81.710149536
48427,7.6045541264,81.77303132
48499,7.6135372384,80.165054272
48503,7.6135372384,80.20098672
48552,7.6135372384,80.641159208
48584,7.6135372384,80.928618792
48713,7.6225203504,79.832679128
48759,7.6225203504,80.24590228
48848,7.6225203504,81.045399248
48898,7.6225203504,81.494554848
49017,7.6315034624,80.308784064
49049,7.6315034624,80.596243648
49229,7.6404865744,79.958442696
49241,7.6404865744,80.06624004
49472,7.6494696864,79.8865778
49483,7.6494696864,79.985392032
49542,7.6494696864,80.51539564
49555,7.6494696864,80.632176096
49679,7.6494696864,81.746081984
49750,7.6584527984,80.129121824
49760,7.6584527984,80.218952944
49777,7.6584527984,80.371665848
49968,7.6674359104,79.832679128
50053,7.6674359104,80.596243648
50103,7.6674359104,81.045399248
50180,7.6674359104,81.737098872
50285,7.6764190224,80.42556452
50430,7.6764190224,81.72811576
50470,7.6854021344,79.832679128
50494,7.6854021344,80.048273816
50511,7.6854021344,80.20098672
50549,7.6854021344,80.542344976
50680,7.6854021344,81.719132648
50682,7.6854021344,81.737098872
50731,7.6943852464,79.922510248
50812,7.6943852464,80.65014232
50872,7.6943852464,81.18912904
51029,7.7033683584,80.344716512
51046,7.7033683584,80.497429416
51053,7.7033683584,80.5603112
51056,7.7033683584,80.587260536
51162,7.7033683584,81.539470408
51177,7.7033683584,81.674217088
51182,7.7033683584,81.719132648
51228,7.7123514704,79.877594688
51258,7.7123514704,80.147088048
51430,7.7123514704,81.692183312
51431,7.7123514704,81.701166424
51432,7.7123514704,81.710149536
51520,7.7213345824,80.24590228
51681,7.7213345824,81.692183312
51682,7.7213345824,81.701166424
51725,7.7303176944,79.832679128
51790,7.7303176944,80.416581408
51832,7.7303176944,80.793872112
51857,7.7303176944,81.018449912
51931,7.7303176944,81.6832002
51932,7.7303176944,81.692183312
51986,7.7393008064,79.922510248
52003,7.7393008064,80.075223152
52182,7.7393008064,81.6832002
52244,7.7482839184,79.985392032
52259,7.7482839184,80.120138712
52280,7.7482839184,80.308784064
52319,7.7482839184,80.659125432
52473,7.7572670304,79.787763568
52518,7.7572670304,80.192003608
52631,7.7572670304,81.207095264
52679,7.7572670304,81.63828464
52729,7.7662501424,79.832679128
52811,7.7662501424,80.569294312
52983,7.7752332544,79.859628464
52988,7.7752332544,79.904544024
52993,7.7752332544,79.949459584
53000,7.7752332544,80.012341368
53016,7.7752332544,80.15607116
53027,7.7752332544,80.254885392
53072,7.7752332544,80.659125432
53090,7.7752332544,80.820821448
53177,7.7752332544,81.602352192
53178,7.7752332544,81.611335304
53381,7.7842163664,81.180145928
53427,7.7842163664,81.59336908
53429,7.7842163664,81.611335304
53761,7.8021825904,80.084206264
53774,7.8021825904,80.20098672
53797,7.8021825904,80.407598296
53810,7.8021825904,80.524378752
53822,7.8021825904,80.632176096
53864,7.8021825904,81.0094668
53927,7.8021825904,81.575402856
54038,7.8111657024,80.317767176
54071,7.8111657024,80.614209872
54234,7.8201488144,79.823696016
54281,7.8201488144,80.24590228
54284,7.8201488144,80.272851616
54327,7.8201488144,80.659125432
54334,7.8201488144,80.722007216
54349,7.8201488144,80.856753896
54427,7.8201488144,81.557436632
54503,7.8291319264,79.985392032
54510,7.8291319264,80.048273816
54520,7.8291319264,80.138104936
54550,7.8291319264,80.407598296
54578,7.8291319264,80.659125432
54678,7.8291319264,81.557436632
54828,7.8381150384,80.65014232
54983,7.8470981504,79.787763568
54996,7.8470981504,79.904544024
55070,7.8470981504,80.569294312
55329,7.8560812624,80.641159208
55331,7.8560812624,80.659125432
55535,7.8650643744,80.236919168
55633,7.8650643744,81.117264144
55680,7.8650643744,81.539470408
55761,7.8740474864,80.012341368
55831,7.8740474864,80.641159208
55832,7.8740474864,80.65014232
55838,7.8740474864,80.704040992
55845,7.8740474864,80.766922776
56106,7.8830305984,80.856753896
56493,7.9009968224,79.823696016
56571,7.9009968224,80.524378752
56586,7.9009968224,80.659125432
56587,7.9009968224,80.668108544
56591,7.9009968224,80.704040992
56738,7.9099799344,79.769797344
56835,7.9099799344,80.641159208
56882,7.9099799344,81.063365472
56887,7.9099799344,81.108281032
56888,7.9099799344,81.117264144
56933,7.9099799344,81.521504184
56934,7.9099799344,81.530487296
57042,7.9189630464,80.24590228
57062,7.9189630464,80.42556452
57189,7.9189630464,81.566419744
57261,7.9279461584,79.958442696
57329,7.9279461584,80.569294312
57342,7.9279461584,80.686074768
57376,7.9279461584,80.991500576
57378,7.9279461584,81.0094668
57380,7.9279461584,81.027433024
57397,7.9279461584,81.180145928
57440,7.9279461584,81.566419744
57495,7.9369292704,79.805729792
57523,7.9369292704,80.057256928
57555,7.9369292704,80.344716512
57597,7.9369292704,80.722007216
57613,7.9369292704,80.865737008
57615,7.9369292704,80.883703232
57628,7.9369292704,81.000483688
57631,7.9369292704,81.027433024
57823,7.9459123824,80.497429416
57837,7.9459123824,80.623192984
57851,7.9459123824,80.748956552
57852,7.9459123824,80.757939664
57906,7.9459123824,81.243027712
58179,7.9548954944,81.440656176
58251,7.9638786064,79.832679128
58421,7.9638786064,81.359808168
58511,7.9728617184,79.913527136
58632,7.9728617184,81.000483688
58744,7.9818448304,79.75183112
58802,7.9818448304,80.272851616
58814,7.9818448304,80.38064896
58879,7.9818448304,80.96455124
58892,7.9818448304,81.081331696
59010,7.9908279424,79.8865778
59043,7.9908279424,80.183020496
59104,7.9908279424,80.730990328
59125,7.9908279424,80.91963568
59134,7.9908279424,81.000483688
59285,7.9998110544,80.102172488
59329,7.9998110544,80.497429416
59555,8.0087941664,80.272851616
59635,8.0087941664,80.991500576
59745,8.0177772784,79.724881784
59927,8.0177772784,81.359808168
59941,8.0177772784,81.485571736
60008,8.0267603904,79.832679128
60011,8.0267603904,79.859628464
60114,8.0267603904,80.784889
60141,8.0267603904,81.027433024
60147,8.0267603904,81.081331696
60331,8.0357435024,80.479463192
60344,8.0357435024,80.596243648
60350,8.0357435024,80.65014232
60578,8.0447266144,80.443530744
60593,8.0447266144,80.578277424
60613,8.0447266144,80.757939664
60630,8.0447266144,80.910652568
60635,8.0447266144,80.955568128
60649,8.0447266144,81.081331696
60750,8.0537097264,79.733864896
60774,8.0537097264,79.949459584
60819,8.0537097264,80.353699624
60880,8.0537097264,80.901669456
60888,8.0537097264,80.973534352
61062,8.0626928384,80.281834728
61110,8.0626928384,80.713024104
61263,8.0716759504,79.832679128
61343,8.0716759504,80.551328088
61591,8.0806590624,80.524378752
61597,8.0806590624,80.578277424
61654,8.0806590624,81.090314808
61818,8.0896421744,80.308784064
62077,8.0986252864,80.38064896
62104,8.0986252864,80.623192984
62135,8.0986252864,80.901669456
62140,8.0986252864,80.946585016
62252,8.1076083984,79.697932448
62558,8.1165915104,80.192003608
62589,8.1165915104,80.47048008
62757,8.1255746224,79.724881784
62772,8.1255746224,79.859628464
62850,8.1255746224,80.5603112
62926,8.1255746224,81.243027712
62948,8.1255746224,81.440656176
63044,8.1345577344,80.048273816
63153,8.1345577344,81.027433024
63383,8.1435408464,80.838787672
63397,8.1435408464,80.96455124
63398,8.1435408464,80.973534352
63407,8.1435408464,81.05438236
63574,8.1525239584,80.299800952
63586,8.1525239584,80.407598296
63816,8.1615070704,80.218952944
64102,8.1704901824,80.533361864
64150,8.1704901824,80.96455124
64200,8.1704901824,81.41370684
64515,8.1884564064,79.733864896
64529,8.1884564064,79.859628464
64573,8.1884564064,80.254885392
64581,8.1884564064,80.326750288
64815,8.1974395184,80.174037384
64915,8.1974395184,81.072348584
65059,8.2064226304,80.1111556
65144,8.2064226304,80.87472012
65320,8.2154057424,80.20098672
65375,8.2154057424,80.69505788
65454,8.2154057424,81.404723728
65528,8.2243888544,79.814712904
65607,8.2243888544,80.524378752
65774,8.2333719664,79.769797344
65838,8.2333719664,80.344716512
66068,8.2423550784,80.15607116
66084,8.2423550784,80.299800952
66151,8.2423550784,80.901669456
66353,8.2513381904,80.461496968
66538,8.2603213024,79.868611576
66575,8.2603213024,80.20098672
66637,8.2603213024,80.757939664
66827,8.2693044144,80.209969832
66870,8.2693044144,80.596243648
67110,8.2782875264,80.497429416
67207,8.2782875264,81.36879128
67335,8.2872706384,80.263868504
67385,8.2872706384,80.713024104
67599,8.2962537504,80.38064896
67601,8.2962537504,80.398615184
67602,8.2962537504,80.407598296
67698,8.2962537504,81.269977048
67824,8.3052368624,80.147088048
67842,8.3052368624,80.308784064
67854,8.3052368624,80.416581408
67855,8.3052368624,80.42556452
67918,8.3052368624,80.991500576
68103,8.3142199744,80.398615184
68104,8.3142199744,80.407598296
68110,8.3142199744,80.461496968
68111,8.3142199744,80.47048008
68349,8.3232030864,80.353699624
68354,8.3232030864,80.398615184
68356,8.3232030864,80.416581408
68454,8.3232030864,81.296926384
68455,8.3232030864,81.305909496
68587,8.3321861984,80.236919168
68857,8.3411693104,80.407598296
68858,8.3411693104,80.416581408
68897,8.3411693104,80.766922776
68924,8.3411693104,81.0094668
68930,8.3411693104,81.063365472
69106,8.3501524224,80.389632072
69190,8.3501524224,81.14421348
69206,8.3501524224,81.287943272
69359,8.3591355344,80.407598296
69371,8.3591355344,80.51539564
69455,8.3591355344,81.269977048
69582,8.3681186464,80.15607116
69613,8.3681186464,80.434547632
69676,8.3681186464,81.000483688
70115,8.3860848704,80.434547632
70132,8.3860848704,80.587260536
70181,8.3860848704,81.027433024
70342,8.3950679824,80.218952944
70352,8.3950679824,80.308784064
70360,8.3950679824,80.38064896
70374,8.3950679824,80.506412528
70440,8.3950679824,81.09929792
70462,8.3950679824,81.296926384
70619,8.4040510944,80.452513856
70659,8.4040510944,80.811838336
70715,8.4040510944,81.314892608
70903,8.4130342064,80.748956552
70934,8.4130342064,81.027433024
70961,8.4130342064,81.269977048
71122,8.4220173184,80.461496968
71187,8.4220173184,81.045399248
71399,8.4310004304,80.69505788
71601,8.4399835424,80.254885392
71629,8.4399835424,80.506412528
71888,8.4489666544,80.578277424
71961,8.4489666544,81.2340446
71964,8.4489666544,81.260993936
72201,8.4579497664,81.135230368
72218,8.4579497664,81.287943272
72345,8.4669328784,80.174037384
72367,8.4669328784,80.371665848
72407,8.4669328784,80.730990328
72416,8.4669328784,80.811838336
72706,8.4759159904,81.162179704
72894,8.4848991024,80.596243648
73104,8.4938822144,80.227936056
73135,8.4938822144,80.506412528
73211,8.4938822144,81.18912904
73223,8.4938822144,81.296926384
73451,8.5028653264,81.090314808
73460,8.5028653264,81.171162816
73461,8.5028653264,81.180145928
73557,8.5118484384,79.787763568
73669,8.5118484384,80.793872112
74158,8.5298146624,80.677091656
74216,8.5298146624,81.198112152
74388,8.5387977744,80.488446304
74396,8.5387977744,80.5603112
74466,8.5387977744,81.18912904
74467,8.5387977744,81.198112152
74638,8.5477808864,80.479463192
74677,8.5477808864,80.82980456
74678,8.5477808864,80.838787672
74711,8.5477808864,81.135230368
74721,8.5477808864,81.225061488
74962,8.5567639984,81.135230368
74968,8.5567639984,81.18912904
74973,8.5567639984,81.2340446
75224,8.5657471104,81.2340446
75329,8.5747302224,79.922510248
75386,8.5747302224,80.434547632
75424,8.5747302224,80.775905888
75436,8.5747302224,80.883703232
75475,8.5747302224,81.2340446
75619,8.5837133344,80.272851616
75721,8.5837133344,81.18912904
75722,8.5837133344,81.198112152
75724,8.5837133344,81.216078376
75725,8.5837133344,81.225061488
75726,8.5837133344,81.2340446
75727,8.5837133344,81.243027712
75974,8.5926964464,81.207095264
75975,8.5926964464,81.216078376
76133,8.6016795584,80.38064896
76227,8.6016795584,81.225061488
76393,8.6106626704,80.461496968
76473,8.6106626704,81.180145928
76477,8.6106626704,81.216078376
76654,8.6196457824,80.551328088
76728,8.6196457824,81.216078376
76959,8.6286288944,81.036416136
77169,8.6376120064,80.668108544
77230,8.6376120064,81.216078376
77381,8.6465951184,80.317767176
77458,8.6465951184,81.0094668
77641,8.6555782304,80.398615184
77942,8.6645613424,80.847770784
77981,8.6645613424,81.198112152
78205,8.6735444544,80.955568128
78418,8.6825275664,80.614209872
78654,8.6915106784,80.479463192
78733,8.6915106784,81.18912904
78881,8.7004937904,80.263868504
78896,8.7004937904,80.398615184
78909,8.7004937904,80.51539564
78983,8.7004937904,81.180145928
79234,8.7094769024,81.180145928
79379,8.7184600144,80.227936056
79394,8.7184600144,80.362682736
79484,8.7184600144,81.171162816
79712,8.7274431264,80.96455124
79911,8.7364262384,80.497429416
79915,8.7364262384,80.533361864
80160,8.7454093504,80.479463192
80161,8.7454093504,80.488446304
80193,8.7454093504,80.775905888
80352,8.7543924624,79.949459584
80397,8.7543924624,80.353699624
80406,8.7543924624,80.434547632
80411,8.7543924624,80.479463192
80412,8.7543924624,80.488446304
80413,8.7543924624,80.497429416
80420,8.7543924624,80.5603112
80485,8.7543924624,81.14421348
80635,8.7633755744,80.236919168
80659,8.7633755744,80.452513856
80663,8.7633755744,80.488446304
80664,8.7633755744,80.497429416
80703,8.7633755744,80.847770784
80877,8.7723586864,80.15607116
80916,8.7723586864,80.506412528
81163,8.7813417984,80.47048008
81164,8.7813417984,80.479463192
81354,8.7903249104,79.93149336
81363,8.7903249104,80.012341368
81390,8.7903249104,80.254885392
81625,8.7993080224,80.1111556
81651,8.7993080224,80.344716512
81899,8.8082911344,80.317767176
82135,8.8172742464,80.183020496
82168,8.8172742464,80.479463192
82169,8.8172742464,80.488446304
82237,8.8172742464,81.09929792
82613,8.8352404704,79.967425808
82622,8.8352404704,80.048273816
82664,8.8352404704,80.42556452
82892,8.8442235824,80.218952944
82951,8.8442235824,80.748956552
83410,8.8621898064,80.362682736
83489,8.8621898064,81.072348584
83735,8.8711729184,81.027433024
83865,8.8801560304,79.940476472
84123,8.8891391424,80.003358256
84179,8.8891391424,80.506412528
84207,8.8891391424,80.757939664
84212,8.8891391424,80.802855224
84221,8.8891391424,80.883703232
84366,8.8981222544,79.93149336
84689,8.9071053664,80.578277424
84712,8.9071053664,80.784889
84902,8.9160884784,80.236919168
85474,8.9340547024,80.865737008
85487,8.9340547024,80.982517464
85620,8.9430378144,79.922510248
85705,8.9430378144,80.686074768
85715,8.9430378144,80.775905888
85738,8.9430378144,80.982517464
86440,8.9699871504,80.524378752
86622,8.9789702624,79.904544024
86623,8.9789702624,79.913527136
86672,8.9789702624,80.353699624
86873,8.9879533744,79.904544024
86895,8.9879533744,80.102172488
87121,8.9969364864,79.877594688
87227,8.9969364864,80.82980456
87460,9.0059195984,80.668108544
87690,9.0149027104,80.479463192
87873,9.0238858224,79.868611576
88242,9.0328689344,80.928618792
88463,9.0418520464,80.659125432
89120,9.0688013824,79.79674668
89152,9.0688013824,80.084206264
89175,9.0688013824,80.29081784
89198,9.0688013824,80.497429416
89615,9.0867676064,79.733864896
89625,9.0867676064,79.823696016
90116,9.1047338304,79.724881784
90183,9.1047338304,80.326750288
90497,9.1137169424,80.892686344
90699,9.1227000544,80.452513856
90719,9.1227000544,80.632176096
91200,9.1406662784,80.443530744
91432,9.1496493904,80.272851616
91434,9.1496493904,80.29081784
91684,9.1586325024,80.281834728
91713,9.1586325024,80.542344976
91744,9.1586325024,80.820821448
92233,9.1765987264,80.704040992
93205,9.2125311744,80.416581408
93244,9.2125311744,80.766922776
93252,9.2125311744,80.838787672
93463,9.2215142864,80.479463192
93675,9.2304973984,80.129121824
93944,9.2394805104,80.29081784
94431,9.2574467344,80.15607116
94710,9.2664298464,80.407598296
94755,9.2664298464,80.811838336
94997,9.2754129584,80.730990328
95000,9.2754129584,80.757939664
95707,9.3023622944,80.344716512
95949,9.3113454064,80.263868504
95998,9.3113454064,80.704040992
96188,9.3203285184,80.15607116
96225,9.3203285184,80.488446304
96249,9.3203285184,80.704040992
96468,9.3293116304,80.416581408
96486,9.3293116304,80.578277424
96718,9.3382947424,80.407598296
96972,9.3472778544,80.434547632
96995,9.3472778544,80.641159208
97251,9.3562609664,80.686074768
97440,9.3652440784,80.129121824
97471,9.3652440784,80.407598296
97969,9.3832103024,80.371665848
97990,9.3832103024,80.5603112
98224,9.3921934144,80.407598296
98229,9.3921934144,80.452513856
98450,9.4011765264,80.183020496
98475,9.4011765264,80.407598296
98739,9.4101596384,80.524378752
99256,9.4281258624,80.659125432
99468,9.4371089744,80.308784064
99730,9.4460920864,80.407598296
101215,9.4999907584,80.218952944
101911,9.5269400944,79.70691556
101912,9.5269400944,79.715898672
101989,9.5269400944,80.407598296
102999,9.5628725424,80.461496968
103242,9.5718556544,80.389632072
103431,9.5808387664,79.832679128
104177,9.6077881024,79.769797344
104221,9.6077881024,80.165054272
104239,9.6077881024,80.326750288
104701,9.6257543264,79.967425808
104984,9.6347374384,80.254885392
105196,9.6437205504,79.904544024
105219,9.6437205504,80.1111556
105460,9.6527036624,80.02132448
105461,9.6527036624,80.030307592
105481,9.6527036624,80.209969832
105489,9.6527036624,80.281834728
105709,9.6616867744,80.003358256
105710,9.6616867744,80.012341368
105711,9.6616867744,80.02132448
105712,9.6616867744,80.030307592
105713,9.6616867744,80.039290704
105715,9.6616867744,80.057256928
105726,9.6616867744,80.15607116
105727,9.6616867744,80.165054272
105736,9.6616867744,80.24590228
105960,9.6706698864,80.003358256
105961,9.6706698864,80.012341368
105962,9.6706698864,80.02132448
105963,9.6706698864,80.030307592
105964,9.6706698864,80.039290704
105975,9.6706698864,80.138104936
106195,9.6796529984,79.859628464
106213,9.6796529984,80.02132448
106214,9.6796529984,80.030307592
106215,9.6796529984,80.039290704
106221,9.6796529984,80.093189376
106231,9.6796529984,80.183020496
106232,9.6796529984,80.192003608
106234,9.6796529984,80.209969832
106235,9.6796529984,80.218952944
106237,9.6796529984,80.236919168
106446,9.6886361104,79.859628464
106447,9.6886361104,79.868611576
106462,9.6886361104,80.003358256
106463,9.6886361104,80.012341368
106465,9.6886361104,80.030307592
106466,9.6886361104,80.039290704
106467,9.6886361104,80.048273816
106480,9.6886361104,80.165054272
106712,9.6976192224,79.994375144
106717,9.6976192224,80.039290704
106718,9.6976192224,80.048273816
106741,9.6976192224,80.254885392
106958,9.7066023344,79.949459584
106964,9.7066023344,80.003358256
106965,9.7066023344,80.012341368
106966,9.7066023344,80.02132448
106967,9.7066023344,80.030307592
106971,9.7066023344,80.06624004
106983,9.7066023344,80.174037384
106997,9.7066023344,80.299800952
107200,9.7155854464,79.868611576
107212,9.7155854464,79.97640892
107219,9.7155854464,80.039290704
107240,9.7155854464,80.227936056
107460,9.7245685584,79.949459584
107465,9.7245685584,79.994375144
107466,9.7245685584,80.003358256
107468,9.7245685584,80.02132448
107491,9.7245685584,80.227936056
107711,9.7335516704,79.949459584
107725,9.7335516704,80.075223152
107726,9.7335516704,80.084206264
107954,9.7425347824,79.877594688
107966,9.7425347824,79.985392032
107971,9.7425347824,80.030307592
107979,9.7425347824,80.102172488
107993,9.7425347824,80.227936056
108205,9.7515178944,79.877594688
108211,9.7515178944,79.93149336
108214,9.7515178944,79.958442696
108215,9.7515178944,79.967425808
108217,9.7515178944,79.985392032
108219,9.7515178944,80.003358256
108220,9.7515178944,80.012341368
108222,9.7515178944,80.030307592
108225,9.7515178944,80.057256928
108230,9.7515178944,80.102172488
108454,9.7605010064,79.859628464
108463,9.7605010064,79.940476472
108499,9.7605010064,80.263868504
108717,9.7694841184,79.967425808
108722,9.7694841184,80.012341368
108724,9.7694841184,80.030307592
108733,9.7694841184,80.1111556
108968,9.7784672304,79.967425808
108975,9.7784672304,80.030307592
108984,9.7784672304,80.1111556
108985,9.7784672304,80.120138712
109216,9.7874503424,79.940476472
109219,9.7874503424,79.967425808
109222,9.7874503424,79.994375144
109227,9.7874503424,80.039290704
109231,9.7874503424,80.075223152
109236,9.7874503424,80.120138712
109245,9.7874503424,80.20098672
109473,9.7964334544,79.994375144
109487,9.7964334544,80.120138712
109494,9.7964334544,80.183020496
109495,9.7964334544,80.192003608
109496,9.7964334544,80.20098672
109497,9.7964334544,80.209969832
109742,9.8054165664,80.15607116
109744,9.8054165664,80.174037384
109748,9.8054165664,80.209969832
109750,9.8054165664,80.227936056
109980,9.8143996784,80.039290704
109991,9.8143996784,80.138104936
109994,9.8143996784,80.165054272
109998,9.8143996784,80.20098672
110001,9.8143996784,80.227936056
110243,9.8233827904,80.147088048
110247,9.8233827904,80.183020496
110249,9.8233827904,80.20098672
110251,9.8233827904,80.218952944
110253,9.8233827904,80.236919168
110254,9.8233827904,80.24590228
